;;;;;;;;;;
Nombre Propuesta;0;;;;;;;;;
Grupo Objetivo;0;;;;;;;;;
Cliente;0;;;;;;;;;
Fecha de aprobación estimada;0;;;;;;;;;
Fecha de campo;0;0;;;;;;;;
Probabilidad de aprobación;Alta;;;;;;;;;
SL;MSU;;;;;;;;;
Metodología SL;MSC005 - U&A;0;;;;;;;;
Record Detail;Ops;;;;;;;;;
Producto;Otro;0;;;;;;;;
Metodología de Recolección;Hogares;0;;;;;;;;
Técnica de Recolección 1;F2F;1;1;400;;;;;;
Técnica de Recolección 2;NINGUNA;0;;0;;;;;;
Bases de Datos;No requiere;0;;;;;;;;
Penetración;;Mas 82%;;;;;;;;
Duracion;;16-20minutos;;;;;;;;
# Preguntas abiertas;;0;;;;;;;;
# Preguntas abiertas Multiples;;0;;;;;;;;
Otros;;0;;;;;;;;
Top line;No;0;;;;;;;;
Datacleaning;Total;1;;;;;;;;
Conversión/generación archivos ASCII y otros;No;0;;;;;;;;
Requiere Script para reclutamiento;No;0;;;;;;;;
Scripting;Si;1;Nuevo;1;;;;;;
Codificación;No;0;;;;;;;;
Procesamiento;Si;1;;;;;;;;
# Procesamientos;;1;;;;;;;;
Requiere proceso Estadistico;No;0;;;;;;;;
Valor GMU (Brasil, francia, EEUU, etc.);;;;;;;;;;
Harmoni;No;0;;;;;;;;
Graficación;No;0;;;;;;;;
Otros costos;0;0;;;;;;;;
# Pag. Reprografia;;0;;;;;;;;
Número de Olas/rondas;1;;;;;;;;;
Envío a ciudades;No;0;;;;;;;;
Ciudades;1;;;;;;;;;
El estudio contempla niños;No;;;;;;;;;
Taxi a participantes;No;;;;;;;;;
Clase de Prueba;Monádica sequencial;2;1;;;;;;;
Requiere refrigeración anticipada;No;0;;;;;;;;
Valor de la compra del producto en caso de requerirlo; $ -   ;;;;;;;;;
Si requiere traslado del producto indique el Peso en gramos;0;;;;;;;;;
Etiquetado o Empaque(Dosificarlo),blind, o prueba a ciegas;Blind, o prueba a ciegas;1;;;;;;;;
Emabalaje ;No;;;;;;;;;
# Producto a testear;;2;;;;;;;;
# Product por respondiente;;2;;;;;;;;
# Patinadores por ciudad;2;2;;;;;;;;
Siembra y recolección;No;0;1;;;;;;;
Apoyo Reclutamiento en sitio;Ninguno;0;;;;;;;;
Muestra;400;;;;;;;;;
Sobre Muestra;0%;0;;;;;;;;
Muestra;400;;;;;;;;;
Productividad;6;;;;;;;;;
Días de Set up;4;;;;;;;;;
#Días de campo;15;;;;;;;;;
#Días;14;;;;;;;;;
# Horas DP;18;;;;;;;;;
# de Encuestadores;7;;;;;;;;;
# de Supervisores;2;;;;;;;;;
Incidencia;;Mas 82%;;;;;;;;
Valor por encuesta a encuestador sin parafiscales; $ 12.227 ; $ 12.227 ;;;;;;;;
Parafiscales;16,522%; $ 2.020 ;;;;;;;;
Tasa Cambiaria;Junio;4111,28;;;;;;;;
;;;;;;;;;;
Valor encuestas;; $ 5.699.043 ; $ 14.247,61 ;; $ 5.699.042,55 ;#DIV/0!;;;;
Valor encuestas CATI;; $ -   ; $ -   ;; $ -   ;#DIV/0!;;;;
Valor Campo Internacional;; $ -   ; $ -   ;; $ -   ;#DIV/0!;;;;
Valor Campo EXTERNO;; $ -   ; $ -   ;; $ -   ;#DIV/0!;;;;
Valor encuestas Auto aplicado/Online;; $ -   ; $ -   ;; $ -   ;#DIV/0!;;;;
Valor encuestas Auto aplicado  INNO; $ 88.719 ; $ -   ; $ -   ;; $ -   ;#DIV/0!;;;;
Valor encuestas Mystery;; $ -   ; $ -   ;; $ -   ;#DIV/0!;;;;
Valor encuesta Shopper  por día; $ 88.719 ; $ -   ; $ -   ;; $ -   ;#DIV/0!;;;;
Valor encuesta Shopper  por productividad;; $ -   ; $ -   ;; $ -   ;#DIV/0!;;;;
Reclutamiento;; $ -   ; $ -   ;; $ -   ;#DIV/0!;;;;
Insumos Productos para Pruebas; $ -   ; $ -   ;;; $ -   ;#DIV/0!;;;;
Rotulación, marcación, tapar marca; $ 3.665 ; $ -   ; $ -   ;; $ -   ;#DIV/0!;;;;
Transporte Enc.; $ 3.945 ; $ 414.225 ;;; $ 414.225,00 ;#DIV/0!;;;;
Transporte Superv.; $ 7.890 ; $ 207.113 ;;; $ 207.112,50 ;#DIV/0!;;;;
Envios; $ 14.728 ; $ -   ;;; $ -   ;#DIV/0!;;;;
Transporte Niños; $ 15.780 ; $ -   ;;; $ -   ;#DIV/0!;;;;
Transporte Bebidas Alcoholicas; $ 29.456 ; $ -   ;;; $ -   ;#DIV/0!;;;;
Tpe Locaciones; $ 94.680 ; $ -   ;;; $ -   ;#DIV/0!;; $ 1.553.262 ; $ 2.218.945,57 ;
Apoyo Compras; $ 88.719 ; $ -   ;;; $ -   ;#DIV/0!;;;5547363,936;
Apoyo Reclutador en sitio; $ 88.719 ; $ -   ;;; $ -   ;#DIV/0!;;;;
Apoyo Pasantes 2xCiudad; $ 88.719 ; $ -   ;;; $ -   ;#DIV/0!;;;6656836,723;
Apoyo Puerta OPS Bta; $ 88.719 ; $ -   ;;; $ -   ;#DIV/0!;;;;
Reprografía; $ 1.157 ; $ -   ;;; $ -   ;#DIV/0!;;;;
Supervisión de campo personal; $ 111.761 ; $ 3.646.336 ; $ 5.736.148 ;; $ 3.646.336,38 ;#DIV/0!;;;;
Coordinación Campo ; $ 147.516 ; $ 2.089.811 ;;; $ 2.089.811,41 ;#DIV/0!;;;;
Entrenamiento; $ 31.110 ; $ 365.540 ;;; $ 365.540,22 ;#DIV/0!;;;;
Verificación; $ 31.465 ; $ 1.048.823 ; $ 1.335.229,50 ;; $ 1.048.822,77 ;#DIV/0!;;;;
Codificacion; $ 28.105 ; $ -   ; $ -   ;; $ -   ;#DIV/0!;;;;
Verificacion-Campo Costo telefónico; $ 144 ; $ 100.887 ; $ 128.436,41 ;; $ 100.886,80 ;#DIV/0!;;;;
Costo telefónico para Siembra; $ 215 ; $ -   ;;;;;;;;
Crítica Encuestas; $ 30.266 ; $ 403.552 ; $ 513.752,17 ;; $ 403.552 ;#DIV/0!;;;;
Alojamiento en Ifield (0,19); $ 0,20 ; $ 328.705 ; $ 1.977.418,08 ;; $ 328.705,06 ;#DIV/0!;;;;
Otros Costos;; $ -   ;;; $ -   ;#DIV/0!;;;;
Viaticos;; $ -   ;;;;;;;;
Locacion btá; $ 683.800 ; $ -   ;;; $ -   ;#DIV/0!;;;;
Locacion Mdellín; $ 884.732 ; $ -   ; $ -   ;; $ -   ;#DIV/0!;;;;
Locación Barranquilla; $ 904.720 ; $ -   ;;; $ -   ;#DIV/0!;;;;
Locación cali; $ 631.200 ; $ -   ; $ -   ;; $ -   ;#DIV/0!;;;;
Locación Bucaramanga;;; $ -   ;; $ -   ;#DIV/0!;;;;
Locación Cartagena;;; $ -   ;; $ -   ;#DIV/0!;;;;
Localización Otra Ciudad 1;;; $ -   ;; $ -   ;#DIV/0!;;;;
Localización Otra Ciudad 2;;; $ -   ;; $ -   ;#DIV/0!;;;;
Localización Otra Ciudad 3;;; $ -   ;; $ -   ;#DIV/0!;;;;
Base de datos; $ -   ; $ -   ;;; $ -   ;#DIV/0!;;;;
;;;Vr por encuesta;;;;;;;
Total costo Directo;; $ 14.304.035 ; $ 35.760,09 ;;;;;;;
Compra de producto;; $ 11.572 ;;;-$ 11.572 ;#DIV/0!;;;;
Incentivos ;; $ -   ;;; $ -   ;#DIV/0!;;;;
Tablets; $ 1.683 ; $ 673.280 ; $ 1.001.985 ;; $ 673.280,00 ;#DIV/0!;;;;
Total con Incentivos;; $ 14.988.887 ; $ 37.472,22 ;;;;;;;
Total GM 21,45%;19,00%;19,00%;;;;;;;;
;;;;;;;;;;
Staff PMO; $ 67.824 ; $ 1.288.651 ;322162,8163;;-$ 1.288.651 ;#DIV/0!;;;;
Conversión/generación archivos ASCII y otros; $ 60.255 ; $ -   ;675325;; $ -   ;#DIV/0!;;;;
Estadistica; $ 67.824 ; $ -   ;;; $ -   ;#DIV/0!;;;;
Scripting; $ 58.764 ; $ 1.645.392 ;;;-$ 1.645.392 ;#DIV/0!;;;;
Scripting reclutamiento; $ 58.764 ; $ -   ;;; $ -   ;#DIV/0!;;;;
Datacleaning; $ 59.385 ; $ 1.389.609 ;;; $ 1.389.609,00 ;#DIV/0!;;;;
TopLines; $ 59.385 ; $ -   ;;; $ -   ;#DIV/0!;;;;
Procesamiento; $ 59.385 ; $ 1.068.930 ;;;-$ 1.068.930 ;#DIV/0!;;;;
Harmoni; $ 59.385 ; $ -   ;;; $ -   ;#DIV/0!;;;;
Graficación; $ 59.385 ; $ -   ;;; $ -   ;#DIV/0!;;;;
Staff OPS;; $ 5.392.582 ; $ 6.865.159 ;;;;;;;
;;;; $ -   ; TRM ; $ 3.836,95 ;;;;
Direct cost OPS;Staff con GM;Total ;Valor Unitario;;Total ;Valor Unitario;;;;
 $ 18.344.154,49 ; $ 6.657.508,97 ; $ 25.001.663 ; $ 62.504 ;; USD 6.516,02 ; USD 16,29 ;;;;
;;;;;;;;;;
;Valor Unitario; $ 167.351,87 ;;;;;;;;
;AOT; $ 66.940.747 ;;; $ 1.977.418,08 ; $ 515,36 ;;;;
;Direct cost OPS;-$ 14.988.887 ;;;;;;;;
;GM; $ 51.951.860 ;77,61%;;;;;;;
;PB+RMF;-$ 2.878.452 ;4,30%;;;;;;;
;Prof Time;-$ 5.392.582 ;;;;;;;;
;OP; $ 43.680.826 ;;;;;;;;
;%OP;65%;;;;;;;;
;;;;;;;;;;
;;;;;;;;;;
;;;;;;;;;;
; OP Ops ;7%;;;;;;;;
; GM OPS ;21,45%;;;;;;;;
;;;;;;;;;;
;;;;;;;;;;
;Resumen de Costos;Costos Sin Gross;Costos con Gross %;;;;;;;
;Campo+Calidad+ Viaticos+ PMO;$ 16.277.538 ;$ 19.935.082 ;;;;;;;
;TDD (Script+Code+Proc);$ 4.103.931 ;$ 5.066.581 ;;;;;;;
;Incentivos;$ 0 ;$ 0 ;;;;;;;
;Estadistica;$ 0 ;$ 0 ;;;;;;;
;Total;$ 20.381.469 ;$ 25.001.663 ;;;;;;;
;;;;;;;;;;
;P&L;;;;;;;;;
;Muestra;10.160;SL;OPS;Eliminaciones;Total Compañía;;;;
;;Valor Unitario;0; $ 66.689,27 ;;0;;;;
;;AOT;; $ 677.562.989 ;-677562989,2;0;;;;
;;Direct cost OPS;0;-$ 579.925.421 ;-677562989,2;-1257488410;;;;
;;GM;0; $ 97.637.568 ;;97637568,18;;;;
;;GM%;#DIV/0!;14,4%;;#DIV/0!;;;;
;4,6%;PB+RMF;0;-$ 31.167.898 ;;-31167897,5;;;;
;;Prof Time;80000000;-$ 11.141.947 ;;68858053;;;;
;;OP;80000000; $ 55.327.724 ;;135327723,7;;;;
;;%OP;#DIV/0!;8,2%;;#DIV/0!;;;;
;;;;;;;;;;
;;;;;;;;;;
;"Cronograma de las
Etapas del Proyecto ";Días hábiles;;;;;;;;
;Script ;3;;;;;;;;
;Set Up OPS + Capacitación;5;;;;;;;;
;Trabajo de Campo ;21;;;;;;;;
;Code + Procesamiento;5;;;;;;;;
