KEY;SL;Record_Detail_Level;Metodologia;Horas;Horas PMO;;;;;;;;;;;;;;
INNO | Ops | IPD001  Product Test;INNO;Ops;IPD001  Product Test;1;;;;RESEARCH COP;Loaded Cost Rate;Inno;CEX;BHT;CRE;HEC;IUU;MSU;PA;Strategy3;Más Alto
INNO | IIS | IPD001  Product Test;INNO;IIS;IPD001  Product Test;-;;;;Research - Level 1; 639.787 ;750.760;750.760;750.760;750.760;750.760;750.760;750.760;750.760;750.760;750.760
INNO | Digital | IPD001  Product Test;INNO;Digital;IPD001  Product Test;-;;;;Research - Level 2; 639.787 ;507.287;644.069;453.021;507.846;418.672;541.150;750.760;565.457;507.287;565.457
INNO | L4 | IPD001  Product Test;INNO;L4;IPD001  Product Test;14;;;;Research - Level 3; 478.759 ;417.838;560.438;319.903;402.002;418.672;402.585;324.282;565.457;417.838;319.903
INNO | L5 | IPD001  Product Test;INNO;L5;IPD001  Product Test;20;;;;Research - Level 4; 220.365 ;279.135;273.442;311.784;233.797;274.152;253.958;279.135;191.534;297.513;233.797
INNO | L6 | IPD001  Product Test;INNO;L6;IPD001  Product Test;80;;;;Research - Level 5; 121.326 ;140.349;168.527;158.297;169.282;126.991;139.082;145.928;133.120;152.671;152.671
INNO | L7 | IPD001  Product Test;INNO;L7;IPD001  Product Test;82;;;;Research - Level 6; 81.046 ;95.635;114.993;110.266;115.969;91.668;78.463;97.287;99.374;121.589;121.589
INNO | Ops | ICI001  Custom Inno & Forecasting;INNO;Ops;ICI001  Custom Inno & Forecasting;-;;;;Research - Level 7; 60.427 ;46.628;61.308;61.308;42.602;41.657;46.827;46.827;48.436;61.308;46.628
INNO | IIS | ICI001  Custom Inno & Forecasting;INNO;IIS;ICI001  Custom Inno & Forecasting;1;;;;;;;;;;;;;;;
INNO | Digital | ICI001  Custom Inno & Forecasting;INNO;Digital;ICI001  Custom Inno & Forecasting;-;;;;;;;;;;;;;;;
INNO | L4 | ICI001  Custom Inno & Forecasting;INNO;L4;ICI001  Custom Inno & Forecasting;3;;;;OPS  COP;Loaded Cost Rate;"Billing Rate
Standard";PROFESIONAL TIME (HORAS EN I-TIME);;;;;;;;
INNO | L5 | ICI001  Custom Inno & Forecasting;INNO;L5;ICI001  Custom Inno & Forecasting;31;;;;Research - Level 3; 64.142 ; 74.672 ;64.142;;;;;;;;
INNO | L6 | ICI001  Custom Inno & Forecasting;INNO;L6;ICI001  Custom Inno & Forecasting;78;;;;Research - Level 4; 64.142 ; 74.672 ;64.142;;;;;;;;
INNO | L7 | ICI001  Custom Inno & Forecasting;INNO;L7;ICI001  Custom Inno & Forecasting;88;;;;Research - Level 5; 64.142 ; 74.672 ;64.142;;;;;;;;
INNO | Ops | INC002  Inno Line;INNO;Ops;INC002  Inno Line;-;;;;Research - Level 6; 63.211 ; 72.934 ;63.211;;;;;;;;
INNO | IIS | INC002  Inno Line;INNO;IIS;INC002  Inno Line;1;;;;Research - Level 7; 63.211 ; 72.934 ;63.211;;;;;;;;
INNO | Digital | INC002  Inno Line;INNO;Digital;INC002  Inno Line;-;;;;;;;;;;;;;;;
INNO | L4 | INC002  Inno Line;INNO;L4;INC002  Inno Line;9;;;;;;;;;;;;;;;
INNO | L5 | INC002  Inno Line;INNO;L5;INC002  Inno Line;17;;;;TARIFAS PRODUCTIVIDAD;EN COP;16,52%;;;;;;;;;
INNO | L6 | INC002  Inno Line;INNO;L6;INC002  Inno Line;79;;;;LIDER DE VERIFICACION; 11.436,00 ;1889,45592; 13.325,46 ;;;;;;;;
INNO | L7 | INC002  Inno Line;INNO;L7;INC002  Inno Line;71;;;;LIDER DE CRITICA; 11.436,00 ;1889,45592; 13.325,46 ;;;;;;;;
INNO | Ops | INC003  Inno Price;INNO;Ops;INC003  Inno Price;1;;;;ASISTENTE CRITICA; 9.037,00 ;1493,09314; 10.530,09 ;;;;;;;;
INNO | IIS | INC003  Inno Price;INNO;IIS;INC003  Inno Price;1;;;;ASISTENTE VERIFICACION; 9.037,00 ;1493,09314; 10.530,09 ;;;;;;;;
INNO | Digital | INC003  Inno Price;INNO;Digital;INC003  Inno Price;-;;;;CODIFICACION; 9.859,00 ;1628,90398; 11.487,90 ;;;;;;;;
INNO | L4 | INC003  Inno Price;INNO;L4;INC003  Inno Price;9;;;;ASISTENTE OPERACIONES (BQUILLA); 11.261,00 ;1860,54242; 13.121,54 ;;;;;;;;
INNO | L5 | INC003  Inno Price;INNO;L5;INC003  Inno Price;17;;;;LIDER DE CALIDAD; 14.612,00 ;2414,19464; 17.026,19 ;;;;;;;;
INNO | L6 | INC003  Inno Price;INNO;L6;INC003  Inno Price;79;;;;;;;;;;;;;;;
INNO | L7 | INC003  Inno Price;INNO;L7;INC003  Inno Price;71;;;;;;;;;;;;;;;
INNO | Ops | ICO006  InnoTest Manual;INNO;Ops;ICO006  InnoTest Manual;-;;;;;;;;;;;;;;;
INNO | IIS | ICO006  InnoTest Manual;INNO;IIS;ICO006  InnoTest Manual;1;;;;;;;;;;;;;;;
INNO | Digital | ICO006  InnoTest Manual;INNO;Digital;ICO006  InnoTest Manual;-;;;;;;;;;;;;;;;
INNO | L4 | ICO006  InnoTest Manual;INNO;L4;ICO006  InnoTest Manual;22;;;;;;;;;;;;;;;
INNO | L5 | ICO006  InnoTest Manual;INNO;L5;ICO006  InnoTest Manual;16;;;;;;;;;;;;;;;
INNO | L6 | ICO006  InnoTest Manual;INNO;L6;ICO006  InnoTest Manual;54;;;;;;;;;;;;;;;
INNO | L7 | ICO006  InnoTest Manual;INNO;L7;ICO006  InnoTest Manual;50;;;;;;;;;;;;;;;
INNO | Ops | ICO005  Concept Test (Custom);INNO;Ops;ICO005  Concept Test (Custom);-;;;;;;;;;;;;;;;
INNO | IIS | ICO005  Concept Test (Custom);INNO;IIS;ICO005  Concept Test (Custom);1;;;;;;;;;;;;;;;
INNO | Digital | ICO005  Concept Test (Custom);INNO;Digital;ICO005  Concept Test (Custom);-;;;;;;;;;;;;;;;
INNO | L4 | ICO005  Concept Test (Custom);INNO;L4;ICO005  Concept Test (Custom);4;;;;;;;;;;;;;;;
INNO | L5 | ICO005  Concept Test (Custom);INNO;L5;ICO005  Concept Test (Custom);10;;;;;;;;;;;;;;;
INNO | L6 | ICO005  Concept Test (Custom);INNO;L6;ICO005  Concept Test (Custom);66;;;;;;;;;;;;;;;
INNO | L7 | ICO005  Concept Test (Custom);INNO;L7;ICO005  Concept Test (Custom);76;;;;;;;;;;;;;;;
INNO | Ops | IPD003  CPT Concept/Product Test;INNO;Ops;IPD003  CPT Concept/Product Test;1;;;;;;;;;;;;;;;
INNO | IIS | IPD003  CPT Concept/Product Test;INNO;IIS;IPD003  CPT Concept/Product Test;-;;;;;;;;;;;;;;;
INNO | Digital | IPD003  CPT Concept/Product Test;INNO;Digital;IPD003  CPT Concept/Product Test;-;;;;;;;;;;;;;;;
INNO | L4 | IPD003  CPT Concept/Product Test;INNO;L4;IPD003  CPT Concept/Product Test;20;;;;;;;;;;;;;;;
INNO | L5 | IPD003  CPT Concept/Product Test;INNO;L5;IPD003  CPT Concept/Product Test;20;;;;;;;;;;;;;;;
INNO | L6 | IPD003  CPT Concept/Product Test;INNO;L6;IPD003  CPT Concept/Product Test;95;;;;;;;;;;;;;;;
INNO | L7 | IPD003  CPT Concept/Product Test;INNO;L7;IPD003  CPT Concept/Product Test;93;;;;;;;;;;;;;;;
INNO | Ops | IPT001  Pack Test (Other);INNO;Ops;IPT001  Pack Test (Other);-;;;;;;;;;;;;;;;
INNO | IIS | IPT001  Pack Test (Other);INNO;IIS;IPT001  Pack Test (Other);1;;;;;;;;;;;;;;;
INNO | Digital | IPT001  Pack Test (Other);INNO;Digital;IPT001  Pack Test (Other);-;;;;;;;;;;;;;;;
INNO | L4 | IPT001  Pack Test (Other);INNO;L4;IPT001  Pack Test (Other);22;;;;;;;;;;;;;;;
INNO | L5 | IPT001  Pack Test (Other);INNO;L5;IPT001  Pack Test (Other);15;;;;;;;;;;;;;;;
INNO | L6 | IPT001  Pack Test (Other);INNO;L6;IPT001  Pack Test (Other);91;;;;;;;;;;;;;;;
INNO | L7 | IPT001  Pack Test (Other);INNO;L7;IPT001  Pack Test (Other);99;;;;;;;;;;;;;;;
INNO | Ops | ICI002  Fast Fact;INNO;Ops;ICI002  Fast Fact;-;;;;;;;;;;;;;;;
INNO | IIS | ICI002  Fast Fact;INNO;IIS;ICI002  Fast Fact;-;;;;;;;;;;;;;;;
INNO | Digital | ICI002  Fast Fact;INNO;Digital;ICI002  Fast Fact;1;;;;;;;;;;;;;;;
INNO | L4 | ICI002  Fast Fact;INNO;L4;ICI002  Fast Fact;28;;;;;;;;;;;;;;;
INNO | L5 | ICI002  Fast Fact;INNO;L5;ICI002  Fast Fact;10;;;;;;;;;;;;;;;
INNO | L6 | ICI002  Fast Fact;INNO;L6;ICI002  Fast Fact;27;;;;;;;;;;;;;;;
INNO | L7 | ICI002  Fast Fact;INNO;L7;ICI002  Fast Fact;27;;;;;;;;;;;;;;;
INNO | Ops | ICO009  Duel Custom;INNO;Ops;ICO009  Duel Custom;-;;;;;;;;;;;;;;;
INNO | IIS | ICO009  Duel Custom;INNO;IIS;ICO009  Duel Custom;1;;;;;;;;;;;;;;;
INNO | Digital | ICO009  Duel Custom;INNO;Digital;ICO009  Duel Custom;-;;;;;;;;;;;;;;;
INNO | L4 | ICO009  Duel Custom;INNO;L4;ICO009  Duel Custom;28;;;;;;;;;;;;;;;
INNO | L5 | ICO009  Duel Custom;INNO;L5;ICO009  Duel Custom;10;;;;;;;;;;;;;;;
INNO | L6 | ICO009  Duel Custom;INNO;L6;ICO009  Duel Custom;27;;;;;;;;;;;;;;;
INNO | L7 | ICO009  Duel Custom;INNO;L7;ICO009  Duel Custom;27;;;;;;;;;;;;;;;
INNO | Ops | ICO001  Concepts Legacy Offer;INNO;Ops;ICO001  Concepts Legacy Offer;-;;;;;;;;;;;;;;;
INNO | IIS | ICO001  Concepts Legacy Offer;INNO;IIS;ICO001  Concepts Legacy Offer;1;;;;;;;;;;;;;;;
INNO | Digital | ICO001  Concepts Legacy Offer;INNO;Digital;ICO001  Concepts Legacy Offer;-;;;;;;;;;;;;;;;
INNO | L4 | ICO001  Concepts Legacy Offer;INNO;L4;ICO001  Concepts Legacy Offer;40;;;;;;;;;;;;;;;
INNO | L5 | ICO001  Concepts Legacy Offer;INNO;L5;ICO001  Concepts Legacy Offer;18;;;;;;;;;;;;;;;
INNO | L6 | ICO001  Concepts Legacy Offer;INNO;L6;ICO001  Concepts Legacy Offer;50;;;;;;;;;;;;;;;
INNO | L7 | ICO001  Concepts Legacy Offer;INNO;L7;ICO001  Concepts Legacy Offer;51;;;;;;;;;;;;;;;
INNO | Ops | ICO011  InnoTest IDP Only;INNO;Ops;ICO011  InnoTest IDP Only;-;;;;;;;;;;;;;;;
INNO | IIS | ICO011  InnoTest IDP Only;INNO;IIS;ICO011  InnoTest IDP Only;-;;;;;;;;;;;;;;;
INNO | Digital | ICO011  InnoTest IDP Only;INNO;Digital;ICO011  InnoTest IDP Only;1;;;;;;;;;;;;;;;
INNO | L4 | ICO011  InnoTest IDP Only;INNO;L4;ICO011  InnoTest IDP Only;40;;;;;;;;;;;;;;;
INNO | L5 | ICO011  InnoTest IDP Only;INNO;L5;ICO011  InnoTest IDP Only;18;;;;;;;;;;;;;;;
INNO | L6 | ICO011  InnoTest IDP Only;INNO;L6;ICO011  InnoTest IDP Only;50;;;;;;;;;;;;;;;
INNO | L7 | ICO011  InnoTest IDP Only;INNO;L7;ICO011  InnoTest IDP Only;51;;;;;;;;;;;;;;;
INNO | Ops | ICO010  Duel IDP ONLY;INNO;Ops;ICO010  Duel IDP ONLY;-;;;;;;;;;;;;;;;
INNO | IIS | ICO010  Duel IDP ONLY;INNO;IIS;ICO010  Duel IDP ONLY;-;;;;;;;;;;;;;;;
INNO | Digital | ICO010  Duel IDP ONLY;INNO;Digital;ICO010  Duel IDP ONLY;1;;;;;;;;;;;;;;;
INNO | L4 | ICO010  Duel IDP ONLY;INNO;L4;ICO010  Duel IDP ONLY;28;;;;;;;;;;;;;;;
INNO | L5 | ICO010  Duel IDP ONLY;INNO;L5;ICO010  Duel IDP ONLY;10;;;;;;;;;;;;;;;
INNO | L6 | ICO010  Duel IDP ONLY;INNO;L6;ICO010  Duel IDP ONLY;33;;;;;;;;;;;;;;;
INNO | L7 | ICO010  Duel IDP ONLY;INNO;L7;ICO010  Duel IDP ONLY;33;;;;;;;;;;;;;;;
INNO | Ops | INC005  Discrete Choice (Custom);INNO;Ops;INC005  Discrete Choice (Custom);-;;;;;;;;;;;;;;;
INNO | IIS | INC005  Discrete Choice (Custom);INNO;IIS;INC005  Discrete Choice (Custom);1;;;;;;;;;;;;;;;
INNO | Digital | INC005  Discrete Choice (Custom);INNO;Digital;INC005  Discrete Choice (Custom);-;;;;;;;;;;;;;;;
INNO | L4 | INC005  Discrete Choice (Custom);INNO;L4;INC005  Discrete Choice (Custom);-;;;;;;;;;;;;;;;
INNO | L5 | INC005  Discrete Choice (Custom);INNO;L5;INC005  Discrete Choice (Custom);-;;;;;;;;;;;;;;;
INNO | L6 | INC005  Discrete Choice (Custom);INNO;L6;INC005  Discrete Choice (Custom);-;;;;;;;;;;;;;;;
INNO | L7 | INC005  Discrete Choice (Custom);INNO;L7;INC005  Discrete Choice (Custom);-;;;;;;;;;;;;;;;
INNO | Ops | INV001  Vantis;INNO;Ops;INV001  Vantis;1;;;;;;;;;;;;;;;
INNO | IIS | INV001  Vantis;INNO;IIS;INV001  Vantis;1;;;;;;;;;;;;;;;
INNO | Digital | INV001  Vantis;INNO;Digital;INV001  Vantis;-;;;;;;;;;;;;;;;
INNO | L4 | INV001  Vantis;INNO;L4;INV001  Vantis;12;;;;;;;;;;;;;;;
INNO | L5 | INV001  Vantis;INNO;L5;INV001  Vantis;31;;;;;;;;;;;;;;;
INNO | L6 | INV001  Vantis;INNO;L6;INV001  Vantis;90;;;;;;;;;;;;;;;
INNO | L7 | INV001  Vantis;INNO;L7;INV001  Vantis;90;;;;;;;;;;;;;;;
CEX | Ops | CXR001  CX Relationship;CEX;Ops;CXR001  CX Relationship;-;;;;;;;;;;;;;;;
CEX | IIS | CXR001  CX Relationship;CEX;IIS;CXR001  CX Relationship;-;;;;;;;;;;;;;;;
CEX | Digital | CXR001  CX Relationship;CEX;Digital;CXR001  CX Relationship;-;;;;;;;;;;;;;;;
CEX | L4 | CXR001  CX Relationship;CEX;L4;CXR001  CX Relationship;14;;;;;;;;;;;;;;;
CEX | L5 | CXR001  CX Relationship;CEX;L5;CXR001  CX Relationship;142;;;;;;;;;;;;;;;
CEX | L6 | CXR001  CX Relationship;CEX;L6;CXR001  CX Relationship;244;;;;;;;;;;;;;;;
CEX | L7 | CXR001  CX Relationship;CEX;L7;CXR001  CX Relationship;270;;;;;;;;;;;;;;;
CEX | Ops | CXR003  CX Relationship w/CX Forces;CEX;Ops;CXR003  CX Relationship w/CX Forces;-;;;;;;;;;;;;;;;
CEX | IIS | CXR003  CX Relationship w/CX Forces;CEX;IIS;CXR003  CX Relationship w/CX Forces;-;;;;;;;;;;;;;;;
CEX | Digital | CXR003  CX Relationship w/CX Forces;CEX;Digital;CXR003  CX Relationship w/CX Forces;-;;;;;;;;;;;;;;;
CEX | L4 | CXR003  CX Relationship w/CX Forces;CEX;L4;CXR003  CX Relationship w/CX Forces;12;;;;;;;;;;;;;;;
CEX | L5 | CXR003  CX Relationship w/CX Forces;CEX;L5;CXR003  CX Relationship w/CX Forces;54,5;;;;;;;;;;;;;;;
CEX | L6 | CXR003  CX Relationship w/CX Forces;CEX;L6;CXR003  CX Relationship w/CX Forces;147;;;;;;;;;;;;;;;
CEX | L7 | CXR003  CX Relationship w/CX Forces;CEX;L7;CXR003  CX Relationship w/CX Forces;176;;;;;;;;;;;;;;;
CEX | Ops | CMY005  MS: Location;CEX;Ops;CMY005  MS: Location;-;;;;;;;;;;;;;;;
CEX | IIS | CMY005  MS: Location;CEX;IIS;CMY005  MS: Location;-;;;;;;;;;;;;;;;
CEX | Digital | CMY005  MS: Location;CEX;Digital;CMY005  MS: Location;-;;;;;;;;;;;;;;;
CEX | L4 | CMY005  MS: Location;CEX;L4;CMY005  MS: Location;12;;;;;;;;;;;;;;;
CEX | L5 | CMY005  MS: Location;CEX;L5;CMY005  MS: Location;50,5;;;;;;;;;;;;;;;
CEX | L6 | CMY005  MS: Location;CEX;L6;CMY005  MS: Location;186;;;;;;;;;;;;;;;
CEX | L7 | CMY005  MS: Location;CEX;L7;CMY005  MS: Location;240;;;;;;;;;;;;;;;
CEX | Ops | CMY007  MS: Onsite S&C Audits/BOPIS;CEX;Ops;CMY007  MS: Onsite S&C Audits/BOPIS;-;;;;;;;;;;;;;;;
CEX | IIS | CMY007  MS: Onsite S&C Audits/BOPIS;CEX;IIS;CMY007  MS: Onsite S&C Audits/BOPIS;-;;;;;;;;;;;;;;;
CEX | Digital | CMY007  MS: Onsite S&C Audits/BOPIS;CEX;Digital;CMY007  MS: Onsite S&C Audits/BOPIS;-;;;;;;;;;;;;;;;
CEX | L4 | CMY007  MS: Onsite S&C Audits/BOPIS;CEX;L4;CMY007  MS: Onsite S&C Audits/BOPIS;12;;;;;;;;;;;;;;;
CEX | L5 | CMY007  MS: Onsite S&C Audits/BOPIS;CEX;L5;CMY007  MS: Onsite S&C Audits/BOPIS;50,5;;;;;;;;;;;;;;;
CEX | L6 | CMY007  MS: Onsite S&C Audits/BOPIS;CEX;L6;CMY007  MS: Onsite S&C Audits/BOPIS;211;;;;;;;;;;;;;;;
CEX | L7 | CMY007  MS: Onsite S&C Audits/BOPIS;CEX;L7;CMY007  MS: Onsite S&C Audits/BOPIS;160;;;;;;;;;;;;;;;
CEX | Ops | CXT009  CXM Transactional NonCXM;CEX;Ops;CXT009  CXM Transactional NonCXM;-;;;;;;;;;;;;;;;
CEX | IIS | CXT009  CXM Transactional NonCXM;CEX;IIS;CXT009  CXM Transactional NonCXM;-;;;;;;;;;;;;;;;
CEX | Digital | CXT009  CXM Transactional NonCXM;CEX;Digital;CXT009  CXM Transactional NonCXM;-;;;;;;;;;;;;;;;
CEX | L4 | CXT009  CXM Transactional NonCXM;CEX;L4;CXT009  CXM Transactional NonCXM;31;;;;;;;;;;;;;;;
CEX | L5 | CXT009  CXM Transactional NonCXM;CEX;L5;CXT009  CXM Transactional NonCXM;141;;;;;;;;;;;;;;;
CEX | L6 | CXT009  CXM Transactional NonCXM;CEX;L6;CXT009  CXM Transactional NonCXM;284;;;;;;;;;;;;;;;
CEX | L7 | CXT009  CXM Transactional NonCXM;CEX;L7;CXT009  CXM Transactional NonCXM;278;;;;;;;;;;;;;;;
CEX | Ops | CXA001  CEX Workshops;CEX;Ops;CXA001  CEX Workshops;-;;;;;;;;;;;;;;;
CEX | IIS | CXA001  CEX Workshops;CEX;IIS;CXA001  CEX Workshops;-;;;;;;;;;;;;;;;
CEX | Digital | CXA001  CEX Workshops;CEX;Digital;CXA001  CEX Workshops;-;;;;;;;;;;;;;;;
CEX | L4 | CXA001  CEX Workshops;CEX;L4;CXA001  CEX Workshops;12;;;;;;;;;;;;;;;
CEX | L5 | CXA001  CEX Workshops;CEX;L5;CXA001  CEX Workshops;54,5;;;;;;;;;;;;;;;
CEX | L6 | CXA001  CEX Workshops;CEX;L6;CXA001  CEX Workshops;96;;;;;;;;;;;;;;;
CEX | L7 | CXA001  CEX Workshops;CEX;L7;CXA001  CEX Workshops;74;;;;;;;;;;;;;;;
CEX | Ops | CXT005  CXM Medallia;CEX;Ops;CXT005  CXM Medallia;-;;;;;;;;;;;;;;;
CEX | IIS | CXT005  CXM Medallia;CEX;IIS;CXT005  CXM Medallia;-;;;;;;;;;;;;;;;
CEX | Digital | CXT005  CXM Medallia;CEX;Digital;CXT005  CXM Medallia;-;;;;;;;;;;;;;;;
CEX | L4 | CXT005  CXM Medallia;CEX;L4;CXT005  CXM Medallia;12;;;;;;;;;;;;;;;
CEX | L5 | CXT005  CXM Medallia;CEX;L5;CXT005  CXM Medallia;69;;;;;;;;;;;;;;;
CEX | L6 | CXT005  CXM Medallia;CEX;L6;CXT005  CXM Medallia;137;;;;;;;;;;;;;;;
CEX | L7 | CXT005  CXM Medallia;CEX;L7;CXT005  CXM Medallia;0;;;;;;;;;;;;;;;
MSU | L4 | MSC003 - Market Structure;MSU;L4;MSC003 - Market Structure;12;;;;;;;;;;;;;;;
MSU | L5 | MSC003 - Market Structure;MSU;L5;MSC003 - Market Structure;90;;;;;;;;;;;;;;;
MSU | L6 | MSC003 - Market Structure;MSU;L6;MSC003 - Market Structure;150;;;;;;;;;;;;;;;
MSU | L7 | MSC003 - Market Structure;MSU;L7;MSC003 - Market Structure;140;;;;;;;;;;;;;;;
MSU | L4 | MSC005 - U&A;MSU;L4;MSC005 - U&A;20;;;;;;;;;;;;;;;
MSU | L5 | MSC005 - U&A;MSU;L5;MSC005 - U&A;85;;;;;;;;;;;;;;;
MSU | L6 | MSC005 - U&A;MSU;L6;MSC005 - U&A;95;;;;;;;;;;;;;;;
MSU | L7 | MSC005 - U&A;MSU;L7;MSC005 - U&A;140;;;;;;;;;;;;;;;
MSU | L4 | MSC007 - U&A - Templated;MSU;L4;MSC007 - U&A - Templated;15;;;;;;;;;;;;;;;
MSU | L5 | MSC007 - U&A - Templated;MSU;L5;MSC007 - U&A - Templated;69;;;;;;;;;;;;;;;
MSU | L6 | MSC007 - U&A - Templated;MSU;L6;MSC007 - U&A - Templated;80;;;;;;;;;;;;;;;
MSU | L7 | MSC007 - U&A - Templated;MSU;L7;MSC007 - U&A - Templated;120;;;;;;;;;;;;;;;
MSU | L4 | MSC010 - Fast MSU;MSU;L4;MSC010 - Fast MSU;8;;;;;;;;;;;;;;;
MSU | L5 | MSC010 - Fast MSU;MSU;L5;MSC010 - Fast MSU;75;;;;;;;;;;;;;;;
MSU | L6 | MSC010 - Fast MSU;MSU;L6;MSC010 - Fast MSU;95;;;;;;;;;;;;;;;
MSU | L7 | MSC010 - Fast MSU;MSU;L7;MSC010 - Fast MSU;130;;;;;;;;;;;;;;;
MSU | L4 | CSI002 - SI: Shopper Insights;MSU;L4;CSI002 - SI: Shopper Insights;8;;;;;;;;;;;;;;;
MSU | L5 | CSI002 - SI: Shopper Insights;MSU;L5;CSI002 - SI: Shopper Insights;75;;;;;;;;;;;;;;;
MSU | L6 | CSI002 - SI: Shopper Insights;MSU;L6;CSI002 - SI: Shopper Insights;95;;;;;;;;;;;;;;;
MSU | L7 | CSI002 - SI: Shopper Insights;MSU;L7;CSI002 - SI: Shopper Insights;130;;;;;;;;;;;;;;;
BHT | L4 | BTI008 - Brand&Comms Track w. intg data;BHT;L4;BTI008 - Brand&Comms Track w. intg data;10;;;;;;;;;;;;;;;
BHT | L5 | BTI008 - Brand&Comms Track w. intg data;BHT;L5;BTI008 - Brand&Comms Track w. intg data;10;;;;;;;;;;;;;;;
BHT | L6 | BTI008 - Brand&Comms Track w. intg data;BHT;L6;BTI008 - Brand&Comms Track w. intg data;10;;;;;;;;;;;;;;;
BHT | L7 | BTI008 - Brand&Comms Track w. intg data;BHT;L7;BTI008 - Brand&Comms Track w. intg data;10;;;;;;;;;;;;;;;
BHT | L4 | BTT001 - Brand & Comms Tracking;BHT;L4;BTT001 - Brand & Comms Tracking;15;;;;;;;;;;;;;;;
BHT | L5 | BTT001 - Brand & Comms Tracking;BHT;L5;BTT001 - Brand & Comms Tracking;15;;;;;;;;;;;;;;;
BHT | L6 | BTT001 - Brand & Comms Tracking;BHT;L6;BTT001 - Brand & Comms Tracking;15;;;;;;;;;;;;;;;
BHT | L7 | BTT001 - Brand & Comms Tracking;BHT;L7;BTT001 - Brand & Comms Tracking;15;;;;;;;;;;;;;;;
BHT | L4 | BTT002 - Brand Tracking;BHT;L4;BTT002 - Brand Tracking;20;;;;;;;;;;;;;;;
BHT | L5 | BTT002 - Brand Tracking;BHT;L5;BTT002 - Brand Tracking;20;;;;;;;;;;;;;;;
BHT | L6 | BTT002 - Brand Tracking;BHT;L6;BTT002 - Brand Tracking;20;;;;;;;;;;;;;;;
BHT | L7 | BTT002 - Brand Tracking;BHT;L7;BTT002 - Brand Tracking;20;;;;;;;;;;;;;;;
BHT | L4 | BTT010 - Contextual Brand Tracking;BHT;L4;BTT010 - Contextual Brand Tracking;30;;;;;;;;;;;;;;;
BHT | L5 | BTT010 - Contextual Brand Tracking;BHT;L5;BTT010 - Contextual Brand Tracking;30;;;;;;;;;;;;;;;
BHT | L6 | BTT010 - Contextual Brand Tracking;BHT;L6;BTT010 - Contextual Brand Tracking;30;;;;;;;;;;;;;;;
BHT | L7 | BTT010 - Contextual Brand Tracking;BHT;L7;BTT010 - Contextual Brand Tracking;30;;;;;;;;;;;;;;;
OBS | L4 | ADHOC;OBS;L4;ADHOC;30;;;;;;;;;;;;;;;
OBS | L5 | ADHOC;OBS;L5;ADHOC;30;;;;;;;;;;;;;;;
OBS | L6 | ADHOC;OBS;L6;ADHOC;30;;;;;;;;;;;;;;;
OBS | L7 | ADHOC;OBS;L7;ADHOC;30;;;;;;;;;;;;;;;
OBS | L4 | INTERNACIONAL;OBS;L4;INTERNACIONAL;30;;;;;;;;;;;;;;;
OBS | L5 | INTERNACIONAL;OBS;L5;INTERNACIONAL;30;;;;;;;;;;;;;;;
OBS | L6 | INTERNACIONAL;OBS;L6;INTERNACIONAL;30;;;;;;;;;;;;;;;
OBS | L7 | INTERNACIONAL;OBS;L7;INTERNACIONAL;30;;;;;;;;;;;;;;;
;;;;;;;;;;;;;;;;;;;
