;Perfil;Mas 82%;Coordinación, supervisión y tablets;Total Mas 82%;75%-82%;Coordinación, supervisión y tablets;Total 75%-82%;67%-74%;Coordinación, supervisión y tablets;Total 67%-74%;55-66%;Coordinación, supervisión y tablets;Total Mas 55-66%;46-54%;Coordinación, supervisión y tablets;Total Mas 46-54%;37-45%;Coordinación, supervisión y tablets;Total Mas 37-45%;30-36%;Coordinación, supervisión y tablets;Total Mas 30-36%;22-29%;Coordinación, supervisión y tablets;Total Mas 22-29%;15-21%;Coordinación, supervisión y tablets;Total Mas 15-21%;10-14%;Coordinación, supervisión y tablets;Total Mas 10-14%;0-9%;Coordinación, supervisión y tablets;Total Mas 0-9%;;;;;;;;;;;;;;;;;;;;;;;;;
;1;2;3;4;5;6;7;8;9;10;11;12;13;14;15;16;17;18;19;20;21;22;23;24;25;26;27;28;29;30;31;32;33;34;;;;;;;;;;;;;;;Diferencia entre duraciones;;;;;;;;;;
;Perfil;Mas 82%;Coordinación, supervisión y tablets;Total Mas 82%;75%-82%;Coordinación, supervisión y tablets;Total 75%-82%;67%-74%;Coordinación, supervisión y tablets;Total 67%-74%;55-66%;Coordinación, supervisión y tablets;Total Mas 55-66%;46-54%;Coordinación, supervisión y tablets;Total Mas 46-54%;37-45%;Coordinación, supervisión y tablets;Total Mas 37-45%;30-36%;Coordinación, supervisión y tablets;Total Mas 30-36%;22-29%;Coordinación, supervisión y tablets;Total Mas 22-29%;15-21%;Coordinación, supervisión y tablets;Total Mas 15-21%;10-14%;Coordinación, supervisión y tablets;Total Mas 10-14%;0-9%;Coordinación, supervisión y tablets;Total Mas 0-9%;;;Diferencia entre perfiles;Mas 82%;75%-82%;67%-74%;55-66%;46-54%;37-45%; 30-36%;22-29%;15-21%;10-14%;0-9%;Mas 82%;75%-82%;67%-74%;55-66%;46-54%;37-45%; 30-36%;22-29%;15-21%;10-14%;0-9%
5;0-5 minutos; $ 7.123 ; $ 13.207 ; $ 20.330 ; $ 7.623 ; $ 13.207 ; $ 20.830 ; $ 8.123 ; $ 13.207 ; $ 21.330 ; $ 8.523 ; $ 13.307 ; $ 21.830 ; $ 9.362 ; $ 13.468 ; $ 22.830 ; $ 10.225 ; $ 14.105 ; $ 24.330 ; $ 12.630 ; $ 15.200 ; $ 27.830 ; $ 15.630 ; $ 15.200 ; $ 30.830 ; $ 18.130 ; $ 15.200 ; $ 33.330 ; $ 20.630 ; $ 15.200 ; $ 35.830 ; $ 23.130 ; $ 15.200 ; $ 38.330 ;;;0-5 minutos;; $ 500 ; $ 500 ; $ 500 ; $ 1.000 ; $ 1.500 ; $ 3.500 ; $ 3.000 ; $ 2.500 ; $ 2.500 ; $ 2.500 ;;;;;;;;;;;
10;6-10 minutos; $ 8.123 ; $ 13.207 ; $ 21.330 ; $ 8.623 ; $ 13.207 ; $ 21.830 ; $ 9.123 ; $ 13.207 ; $ 22.330 ; $ 9.523 ; $ 13.307 ; $ 22.830 ; $ 10.362 ; $ 13.468 ; $ 23.830 ; $ 11.225 ; $ 14.105 ; $ 25.330 ; $ 13.630 ; $ 15.200 ; $ 28.830 ; $ 17.630 ; $ 15.200 ; $ 32.830 ; $ 20.130 ; $ 15.200 ; $ 35.330 ; $ 22.630 ; $ 15.200 ; $ 37.830 ; $ 25.130 ; $ 15.200 ; $ 40.330 ;;;6-10 minutos;; $ 500 ; $ 500 ; $ 500 ; $ 1.000 ; $ 1.500 ; $ 3.500 ; $ 4.000 ; $ 2.500 ; $ 2.500 ; $ 2.500 ; $ 1.000 ; $ 1.000 ; $ 1.000 ; $ 1.000 ; $ 1.000 ; $ 1.000 ; $ 1.000 ; $ 2.000 ; $ 2.000 ; $ 2.000 ; $ 2.000 
15;11-15minutos; $ 9.623 ; $ 13.207 ; $ 22.830 ; $ 10.123 ; $ 13.207 ; $ 23.330 ; $ 10.623 ; $ 13.207 ; $ 23.830 ; $ 11.023 ; $ 13.307 ; $ 24.330 ; $ 11.862 ; $ 13.468 ; $ 25.330 ; $ 12.725 ; $ 14.105 ; $ 26.830 ; $ 15.130 ; $ 15.200 ; $ 30.330 ; $ 19.630 ; $ 15.200 ; $ 34.830 ; $ 22.130 ; $ 15.200 ; $ 37.330 ; $ 24.630 ; $ 15.200 ; $ 39.830 ; $ 27.130 ; $ 15.200 ; $ 42.330 ;;;11-20minutos;; $ 500 ; $ 500 ; $ 500 ; $ 1.000 ; $ 1.500 ; $ 3.500 ; $ 4.500 ; $ 2.500 ; $ 2.500 ; $ 2.500 ; $ 1.500 ; $ 1.500 ; $ 1.500 ; $ 1.500 ; $ 1.500 ; $ 1.500 ; $ 1.500 ; $ 2.000 ; $ 2.000 ; $ 2.000 ; $ 2.000 
20;16-20minutos; $ 11.623 ; $ 13.207 ; $ 24.830 ; $ 12.123 ; $ 13.207 ; $ 25.330 ; $ 12.623 ; $ 13.207 ; $ 25.830 ; $ 13.023 ; $ 13.307 ; $ 26.330 ; $ 13.862 ; $ 13.468 ; $ 27.330 ; $ 14.725 ; $ 14.105 ; $ 28.830 ; $ 17.130 ; $ 15.200 ; $ 32.330 ; $ 21.630 ; $ 15.200 ; $ 36.830 ; $ 24.130 ; $ 15.200 ; $ 39.330 ; $ 26.630 ; $ 15.200 ; $ 41.830 ; $ 29.130 ; $ 15.200 ; $ 44.330 ;;;;;;;;;;;;;;;;;;;;;;;;;
30;21-30 minutos; $ 14.123 ; $ 13.207 ; $ 27.330 ; $ 14.623 ; $ 13.207 ; $ 27.830 ; $ 15.123 ; $ 13.207 ; $ 28.330 ; $ 15.523 ; $ 13.307 ; $ 28.830 ; $ 16.362 ; $ 13.468 ; $ 29.830 ; $ 17.225 ; $ 14.105 ; $ 31.330 ; $ 19.630 ; $ 15.200 ; $ 34.830 ; $ 23.630 ; $ 15.200 ; $ 38.830 ; $ 26.130 ; $ 15.200 ; $ 41.330 ; $ 28.630 ; $ 15.200 ; $ 43.830 ; $ 31.130 ; $ 15.200 ; $ 46.330 ;;;21-30 minutos;; $ 500 ; $ 500 ; $ 500 ; $ 1.000 ; $ 1.500 ; $ 3.500 ; $ 4.000 ; $ 2.500 ; $ 2.500 ; $ 2.500 ; $ 4.500 ; $ 4.500 ; $ 4.500 ; $ 4.500 ; $ 4.500 ; $ 4.500 ; $ 4.500 ; $ 4.000 ; $ 4.000 ; $ 4.000 ; $ 4.000 
40;31-40 minutos; $ 17.123 ; $ 13.207 ; $ 30.330 ; $ 17.623 ; $ 13.207 ; $ 30.830 ; $ 18.123 ; $ 13.207 ; $ 31.330 ; $ 18.523 ; $ 13.307 ; $ 31.830 ; $ 19.362 ; $ 13.468 ; $ 32.830 ; $ 20.225 ; $ 14.105 ; $ 34.330 ; $ 22.630 ; $ 15.200 ; $ 37.830 ; $ 25.630 ; $ 15.200 ; $ 40.830 ; $ 28.130 ; $ 15.200 ; $ 43.330 ; $ 30.630 ; $ 15.200 ; $ 45.830 ; $ 33.130 ; $ 15.200 ; $ 48.330 ;;;31-40 minutos;; $ 500 ; $ 500 ; $ 500 ; $ 1.000 ; $ 1.500 ; $ 3.500 ; $ 3.000 ; $ 2.500 ; $ 2.500 ; $ 2.500 ; $ 3.000 ; $ 3.000 ; $ 3.000 ; $ 3.000 ; $ 3.000 ; $ 3.000 ; $ 3.000 ; $ 2.000 ; $ 2.000 ; $ 2.000 ; $ 2.000 
50;41-50 minutos; $ 20.123 ; $ 13.207 ; $ 33.330 ; $ 20.623 ; $ 13.207 ; $ 33.830 ; $ 21.123 ; $ 13.207 ; $ 34.330 ; $ 21.523 ; $ 13.307 ; $ 34.830 ; $ 22.362 ; $ 13.468 ; $ 35.830 ; $ 23.225 ; $ 14.105 ; $ 37.330 ; $ 25.630 ; $ 15.200 ; $ 40.830 ; $ 29.630 ; $ 15.200 ; $ 44.830 ; $ 32.130 ; $ 15.200 ; $ 47.330 ; $ 34.630 ; $ 15.200 ; $ 49.830 ; $ 37.130 ; $ 15.200 ; $ 52.330 ;;;41-50 minutos;; $ 500 ; $ 500 ; $ 500 ; $ 1.000 ; $ 1.500 ; $ 3.500 ; $ 4.000 ; $ 2.500 ; $ 2.500 ; $ 2.500 ; $ 3.000 ; $ 3.000 ; $ 3.000 ; $ 3.000 ; $ 3.000 ; $ 3.000 ; $ 3.000 ; $ 4.000 ; $ 4.000 ; $ 4.000 ; $ 4.000 
60;51 - 60 minutos; $ 25.123 ; $ 13.207 ; $ 38.330 ; $ 25.623 ; $ 13.207 ; $ 38.830 ; $ 26.123 ; $ 13.207 ; $ 39.330 ; $ 26.523 ; $ 13.307 ; $ 39.830 ; $ 27.362 ; $ 13.468 ; $ 40.830 ; $ 28.225 ; $ 14.105 ; $ 42.330 ; $ 30.630 ; $ 15.200 ; $ 45.830 ; $ 33.630 ; $ 15.200 ; $ 48.830 ; $ 36.130 ; $ 15.200 ; $ 51.330 ; $ 38.630 ; $ 15.200 ; $ 53.830 ; $ 41.130 ; $ 15.200 ; $ 56.330 ;;;51 - 60 minutos;; $ 500 ; $ 500 ; $ 500 ; $ 1.000 ; $ 1.500 ; $ 3.500 ; $ 3.000 ; $ 2.500 ; $ 2.500 ; $ 2.500 ; $ 5.000 ; $ 5.000 ; $ 5.000 ; $ 5.000 ; $ 5.000 ; $ 5.000 ; $ 5.000 ; $ 4.000 ; $ 4.000 ; $ 4.000 ; $ 4.000 
;;;;;;;;;;;;;;;;;;;;;;;;;;;;;;;;;;;;;;;;;;;;;;;;;;;;;;;;;;;
;;;;;;;;;;;;;;;;;;;;;;;;;;;;;;;;;;;;;;;;;;;;;;;;;;;;;;;;;;;
;;;;;;;;;;;;;;;;;;;Diferencia entre perfiles;Mas 75%;;;;;51-75%;;;31-50%;16-30%;0-15% Valor por encuesta no olvidar agregar precio de reclutamiento;;;;;;;;;;;;;;;;;;;;;;;;;;;;;
;0-5 minutos;5;;;;;;;;;;;;;;;;;0-5 minutos;;;;;;#REF!;;;#REF!;#VALOR!;#VALOR!;;;;;;;;;;;;;;;;;;;;;;;;;;;;;
;6-10 minutos;10;;;;;;;;;;;;;;;;;11-15 minutos;;;;;;#REF!;;;#REF!;#VALOR!;#VALOR!;;;;;;;;;;;;;;;;;;;;;;;;;;;;;
;11-15minutos;15;;;;;;;;;;;;;;;;;16-25 minutos;;;;;;#REF!;;;#REF!;#VALOR!;#VALOR!;;;;;;;;;;;;;;;;;;;;;;;;;;;;;
;16-20minutos;20;;;;;;;;;;;;;;;;;26-35 minutos;;;;;;#REF!;;;#REF!;#VALOR!;#VALOR!;;;;;;;;;;;;;;;;;;;;;;;;;;;;;
;21-30 minutos;30;;;;;;;;;;;;;;;;;36-45 minutos;;;;;;#REF!;;;#REF!;#VALOR!;#VALOR!;;;;;;;;;;;;;;;;;;;;;;;;;;;;;
;31-40 minutos;40;;;;;;;;;;;;;;;;;46 minutos 1 hora;6;;;;; $ 5 ;;; $ 4 ; $ 3 ; $ 2 ;;;;;;;;;;;;;;;;;;;;;;;;;;;;;
;41-50 minutos;50;;;;;;;;;;;;;;;;;;;;;;;;;;;;;;;;;;;;;;;;;;;;;;;;;;;;;;;;;
;51 - 60 minutos;60;;;;;;;;;;;;;;;;;;;;;;;;;;;;;;;;;;;;;;;;;;;;;;;;;;;;;;;;;
;;;;;;;;;;;;;;;;;;;;;;;;;;;;;;;;;;;;;;;;;;;;;;;;;;;;;;;;;;;
;Mas 82%;82%;;;;;;;;;;;;;;;;;;;;;;;;;;;;;;;;;;;;;;;;;;;;;;;;;;;;;;;;;
;75%-82%;75%;;;;;;;;;;;;;;;;;;;;;;;;;;;;;;;;;;;;;;;;;;;;;;;;;;;;;;;;;
;67%-74%;67%;;;;;;;;;;;;;;;;;;;;;;;;;;;;;;;;;;;;;;;;;;;;;;;;;;;;;;;;;
;55-66%;55%;;;;;;;;;;;;;Sin parafiscales;;Con parafiscales;;;;;;;;;;;;;;;;;;;;;;;;;;;;;;;;;;;;;;;;;;
;46-54%;46%;;;;;;;;;;;;TARIFAS PRODUCTIVIDAD Hora;EN COP;16,522%;Valor total;;;;;;;;;;;;;;;;;;;;;;;;;;;;;;;;;;;;;;;;;;
;37-45%;37%;;;;;;;;;;;;LIDER DE VERIFICACION; $ 11.436,00 ; $ 1.889,46 ; $ 13.325 ;;;;;;;;;;;;;;;;;;;;;;;;;;;;;;;;;;;;;;;;;;
;30-36%;30%;;;;;;;;;;;;LIDER DE CRITICA; $ 11.436,00 ; $ 1.889,46 ; $ 13.325 ;;;;;;;;;;;;;;;;;;;;;;;;;;;;;;;;;;;;;;;;;;
;22-29%;22%;;;;;;;;;;;;ASISTENTE CRITICA; $ 9.037,00 ; $ 1.493,09 ; $ 10.530 ;;;;;;;;;;;;;;;;;;;;;;;;;;;;;;;;;;;;;;;;;;
;15-21%;15%;;;;;;;;;;;;ASISTENTE VERIFICACION; $ 9.037,00 ; $ 1.493,09 ; $ 10.530 ;;;;;;;;;;;;;;;;;;;;;;;;;;;;;;;;;;;;;;;;;;
;10-14%;10%;;;;;;;;;;;;CODIFICACION; $ 9.859,00 ; $ 1.628,90 ; $ 11.488 ;;;;;;;;;;;;;;;;;;;;;;;;;;;;;;;;;;;;;;;;;;
;0-9%;0%;;;;;;;;;;;;ASISTENTE OPERACIONES (BQUILLA); $ 11.261,00 ; $ 1.860,54 ; $ 13.122 ;;;;;;;;;;;;;;;;;;;;;;;;;;;;;;;;;;;;;;;;;;
;;;;;;;;;;;;;;LIDER DE CALIDAD; $ 14.612,00 ; $ 2.414,19 ; $ 17.026 ;;;;;;;;;;;;;;;;;;;;;;;;;;;;;;;;;;;;;;;;;;
;;;;;;;;;;;;;;;Valor tablets al mes;Valor tablets al año;# encuestas del 2023;Valor por encuestas contemplando ;;;;;;;;;;;;;;;;;;;;;;;;;;;;;;;;;;;;;;;;;
;;;;;;;;;;;;;;;;;;;;;;;;;;Por Mes; $ 6.600.000,00 ; $ 79.200.000,00 ;24346,7; $ 3.253,01 ;;;;;;;;;;;;;;;;;;;;;;;;;;;;;
;;;;;;;;;;;;;;;;;;;;;;;;;;;;;;;;;;;;;;;;;;;;;;;;;;;;;;;;;;;
;;;;;;;;;;;;;;;;;;;;;;;;;;;;;;;;;;;;;;;;;;;;;;;;;;;;;;;;;;;
Valores de reclutamiento /obsequios;;;;;;;;;;;;;;;;;;;;;;;;;;;;;;;;;;;;;;;;;;;;;;;;;;;;;;;;;;;
;;;;;;;;;;;;;;;;;;;;;;;;;;;;;;;;;;;;;;;;;;;;;;;;;;;;;;;;;;;
;;Mas 82%;75%-82%;67%-74%;55-66%;46-54%;37-45%;30-36%;22-29%;15-21%;10-14%;0-9%;;;;;;;;;;;;;;;;;;;;;;;;;;;;;;;;;;;;;;;;;;;;;;;
1;2;3;4;5;6;7;8;9;10;11;12;13;;;;;;;;;;;;;;;;;;;;;;;;;;;;;;;;;;;;;;;;;;;;;;;
;Parametros 3;Mas 82%;75%-82%;67%-74%;55-66%;46-54%;37-45%; 30-36%;22-29%;15-21%;10-14%;0-9%;;;;;;;;;;;;;;;;;;;;;;;;;;;;;;;;;;;;;;;;;;;;;;;
15;Reclutamiento NSE 5 y 6; $ 30.000 ; $ 30.000 ; $ 33.000 ; $ 35.000 ; $ 37.000 ; $ 39.500 ; $ 42.000 ; $ 44.500 ; $ 47.000 ; $ 49.500 ; $ 89.500 ;;;;;;;;;;;;;;;;;;;;;;;;;;;;;;;;;;;;;;;;;;;;;;;
16;Reclutamiento NSE 4; $ 30.000 ; $ 30.000 ; $ 33.000 ; $ 35.000 ; $ 37.000 ; $ 39.500 ; $ 42.000 ; $ 44.500 ; $ 47.000 ; $ 49.500 ; $ 89.500 ;;;;;;;;;;;;;;;;;;;;;;;;;;;;;;;;;;;;;;;;;;;;;;;
17;Reclutamiento NSE 3; $ 25.000 ; $ 25.000 ; $ 28.000 ; $ 30.000 ; $ 32.000 ; $ 34.500 ; $ 37.000 ; $ 39.500 ; $ 42.000 ; $ 44.500 ; $ 84.500 ;;;;;;;;;;;;;;;;;;;;;;;;;;;;;;;;;;;;;;;;;;;;;;;
18;Reclutamiento NSE 1 y 2; $ 20.000 ; $ 20.000 ; $ 23.000 ; $ 25.000 ; $ 27.000 ; $ 29.500 ; $ 32.000 ; $ 34.500 ; $ 37.000 ; $ 39.500 ; $ 79.500 ;;;;;;;;;;;;;;;;;;;;;;;;;;;;;;;;;;;;;;;;;;;;;;;
19;Obsequios NSE 5 y 6; $ 30.000 ; $ 30.000 ; $ 35.000 ; $ 40.000 ; $ 45.000 ; $ 50.000 ; $ 55.000 ; $ 60.000 ; $ 65.000 ; $ 70.000 ; $ 120.000 ;;;;;;;;;;;;;;;;;;;;;;;;;;;;;;;;;;;;;;;;;;;;;;;
20;Obsequios NSE 4; $ 30.000 ; $ 30.000 ; $ 35.000 ; $ 40.000 ; $ 45.000 ; $ 50.000 ; $ 55.000 ; $ 60.000 ; $ 65.000 ; $ 70.000 ; $ 120.000 ;;;;;;;;;;;;;;;;;;;;;;;;;;;;;;;;;;;;;;;;;;;;;;;
21;Obsequios NSE 3; $ 25.000 ; $ 25.000 ; $ 30.000 ; $ 35.000 ; $ 40.000 ; $ 45.000 ; $ 50.000 ; $ 55.000 ; $ 60.000 ; $ 65.000 ; $ 115.000 ;;;;;;;;;;;;;;;;;;;;;;;;;;;;;;;;;;;;;;;;;;;;;;;
22;Obsequios NSE 1 y 2; $ 25.000 ; $ 25.000 ; $ 30.000 ; $ 35.000 ; $ 40.000 ; $ 45.000 ; $ 50.000 ; $ 55.000 ; $ 60.000 ; $ 65.000 ; $ 115.000 ;;;;;;;;;;;;;;;;;;;;;;;;;;;;;;;;;;;;;;;;;;;;;;;
;Reclutamiento;; $ -   ; $ 3.000 ; $ 2.000 ; $ 2.000 ; $ 2.500 ; $ 2.500 ; $ 2.500 ; $ 2.500 ; $ 2.500 ; $ 40.000 ;;;;;;;;;;;;;;;;;;;;;;;;;;;;;;;;;;;;;;;;;;;;;;;
;Obsequios;;; $ 5.000 ; $ 5.000 ; $ 5.000 ; $ 5.000 ; $ 5.000 ; $ 5.000 ; $ 5.000 ; $ 5.000 ; $ 50.000 ;;;;;;;;;;;;;;;;;;;;;;;;;;;;;;;;;;;;;;;;;;;;;;;
;;;;;;;;;;;;;;;;;;;;;;;;;;;;;;;;;;;;;;;;;;;;;;;;;;;;;;;;;;;
CATI;;;;;;;;;;;;;;;;;;;;;;;;;;;;;;;;;;;;;;;;;;;;;;;;;;;;;;;;;;;
;;;;;;;;;;;;;;;;;;;;;;;;;;;;;;;;;;;;;;;;;;;;;;;;;;;;;;;;;;;
;Valor encuesta incluye minuto y el valor encuestador;Calidad se revisa internamente;;;;;;;;;;;;;;;;;;;;;;;;;;;;;;;;;;;;;;;;;;;;;;;;;;;;;;;;;
;;;;;;;;;;;;;;;;;;;;;;;;;;;;;;;;;;;;;;;;;;;;;;;;;;;;;;;;;;;
;NIVEL;5 a 10;10 A 20;20 A 30;MAS DE 30;OBSERVACION ;;;;;;;;;;;;;;;;;;;;;;;;;;;;;;;;;;;;;;;;;;;;;;;;;;;;;
;ALTO(EMPRESARIALES, GOBIERNO,PROBABILISTICO);20000;25000;30000;37000;Depende el perfil bolsa de valores se ha pagado $120000 encuesta);;;;;;;;;;;;;;;;;;;;;;;;;;;;;;;;;;;;;;;;;;;;;;;;;;;;;
;MEDIANA;14000;19000;25000;30000;;;;;;;;;;;;;;;;;;;;;;;;;;;;;;;;;;;;;;;;;;;;;;;;;;;;;;
;BAJO(MASIVO);10000;15000;20000;25000;;;;;;;;;;;;;;;;;;;;;;;;;;;;;;;;;;;;;;;;;;;;;;;;;;;;;;
;;;;;;;;;;;;;;;;;;;;;;;;;;;;;;;;;;;;;;;;;;;;;;;;;;;;;;;;;;;
;NIVEL;5 a 10 Min;10 A 20 min;20 A 30 min;MAS DE 30 min;OBSERVACION ;;;;;;;;;;;;;;;;;;;;;;;;;;;;;;;;;;;;;;;;;;;;;;;;;;;;;
Efectividad minimo del 40%;ALTO(EMPRESARIALES, GOBIERNO,PROBABILISTICO); $ 20.000 ; $ 25.000 ; $ 30.000 ; $ 37.000 ;Depende el perfil bolsa de valores se ha pagado $120000 encuesta);;;;;;;;;;;;;;;;;;;;;;;;;;;;;;;;;;;;;;;;;;;;;;;;;;;;;
Efectividad minimo del 60%;MEDIANA; $ 14.000 ; $ 19.000 ; $ 25.000 ; $ 30.000 ;;;;;;;Valor por pregunta;# preguntas;Valor por encuesta por pregunta;# encuestas;;;;;;;;;;;;;;;;;;;;;;;;;;;;;;;;;;;;;;;;;;;;
incidencia 79%, Efectividad 90%;BAJO(MASIVO); $ 10.000 ; $ 15.000 ; $ 20.000 ; $ 25.000 ;;;Traducción pregunta abierta;246,9135802;247;26; $ 6.422,00 ;2,5; $ 16.055,00 ;150; $ 2.408.250,00 ;;;;;;;;;;;;;;;;;;;;;;;;;;;;;;;;;;;;;;;;;;;
;;;;;;;;;;;;;;;;;;;;;;;;;;;;;;;;;;;;;;;;;;;;;;;;;;;;;;;;;;;
;NIVEL;5 a 10 Min;10 A 20 min;20 A 30 min;MAS DE 30 min;OBSERVACION ;Solo Colombia;;;;;;;;;;;;;;;;;;;;;;;;;;;;;;;;;;;;;;;;;;;;;;;;;;;;
Efectividad minimo del 40%;ALTO(EMPRESARIALES, GOBIERNO,PROBABILISTICO); $ 25.000 ; $ 35.000 ; $ 40.000 ; $ 50.000 ;Depende el perfil bolsa de valores se ha pagado $120000 encuesta);;;;;;;;;;;;;;;;;;;;;;;;;;;;;;;;;;;;;;;;;;;;;;;;;;;;;
Efectividad minimo del 60%;MEDIANA; $ 17.857 ; $ 23.527 ; $ 28.571 ; $ 35.714 ;;;;;;;;;;;;;;;;;;;;;;;;;;;;;;;;;;;;;;;;;;;;;;;;;;;;;;
incidencia 79%, Efectividad 90%;BAJO(MASIVO); $ 14.286 ; $ 18.716 ; $ 22.857 ; $ 28.571 ;;;;;;;;;;;;;;;;;;;;;;;;;;;;;;;;;;;;;;;;;;;;;;;;;;;;;;
;; $ 17.857 ; $ 25.000 ; $ 28.571 ; $ 35.714 ;;;;;;;;;;;;;;;;;;;;;;;;;;;;;;;;;;;;;;;;;;;;;;;;;;;;;;
;; $ 14.286 ; $ 18.822 ; $ 22.857 ; $ 28.571 ;;;;;;;;;;;;;;;;;;;;;;;;;;;;;;;;;;;;;;;;;;;;;;;;;;;;;;
;;;;;;;;;;;;;;;;;;;;;;;;;;;;;;;;;;;;;;;;;;;;;;;;;;;;;;;;;;;
;;Bajo;;;;;;;;;Medio;;;;;;Alto;;;;;;;;;;;;;;;;;;;;;;;;;;;;;;;;;;;;;;;;;;
;Perfil;Mas 82%;Coordinación, supervisión y tablets;Total Mas 82%;75%-82%;Coordinación, supervisión y tablets;Total 75%-82%;67%-74%;Coordinación, supervisión y tablets;Total 67%-74%;55-66%;Coordinación, supervisión y tablets;Total Mas 55-66%;46-54%;Coordinación, supervisión y tablets;Total Mas 46-54%;37-45%;Coordinación, supervisión y tablets;Total Mas 37-45%;30-36%;Coordinación, supervisión y tablets;Total Mas 30-36%;22-29%;Coordinación, supervisión y tablets;Total Mas 22-29%;15-21%;Coordinación, supervisión y tablets;Total Mas 15-21%;10-14%;Coordinación, supervisión y tablets;Total Mas 10-14%;0-9%;Coordinación, supervisión y tablets;Total Mas 0-9%;;;;;;;;;;;;;;;;;;;;;;;;;
;1;2;3;4;5;6;7;8;9;10;11;12;13;14;15;16;17;18;19;20;21;22;23;24;25;26;27;28;29;30;31;32;33;34;;;;;;;;;;;;;;;Diferencia entre duraciones;;;;;;;;;;
;Perfil;Mas 82%;Coordinación, supervisión y tablets;Total Mas 82%;75%-82%;Coordinación, supervisión y tablets;Total 75%-82%;67%-74%;Coordinación, supervisión y tablets;Total 67%-74%;55-66%;Coordinación, supervisión y tablets;Total Mas 55-66%;46-54%;Coordinación, supervisión y tablets;Total Mas 46-54%;37-45%;Coordinación, supervisión y tablets;Total Mas 37-45%;30-36%;Coordinación, supervisión y tablets;Total Mas 30-36%;22-26%;Coordinación, supervisión y tablets;Total Mas 22-29%;15-21%;Coordinación, supervisión y tablets;Total Mas 15-21%;10-4%;Coordinación, supervisión y tablets;Total Mas 10-14%;0-9%;Coordinación, supervisión y tablets;Total Mas 0-9%;;;Diferencia entre perfiles;Mas 82%;75%-82%;67%-74%;55-66%;46-54%;37-45%; 30-36%;22-29%;15-21%;10-14%;0-9%;Mas 82%;75%-82%;67%-74%;55-66%;46-54%;37-45%; 30-36%;22-29%;15-21%;10-14%;0-9%
5;0-5 minutos; $ 14.286 ; $ 13.207 ; $ 20.330 ; $ 14.286 ; $ 13.207 ; $ 20.830 ; $ 14.286 ; $ 13.207 ; $ 21.330 ; $ 17.857 ; $ 13.307 ; $ 21.830 ; $ 17.857 ; $ 13.468 ; $ 22.830 ; $ 25.000 ; $ 14.105 ; $ 24.330 ; $ 30.000 ; $ 15.200 ; $ 27.830 ; $ 40.000 ; $ 15.200 ; $ 30.830 ; $ 50.000 ; $ 15.200 ; $ 33.330 ; $ 70.000 ; $ 15.200 ; $ 35.830 ; $ 90.000 ; $ 15.200 ; $ 38.330 ;;;0-5 minutos;; $ 500 ; $ 500 ; $ 500 ; $ 1.000 ; $ 1.500 ; $ 3.500 ; $ 3.000 ; $ 2.500 ; $ 2.500 ; $ 2.500 ;;;;;;;;;;;
10;6-10 minutos; $ 14.286 ; $ 13.207 ; $ 21.330 ; $ 14.286 ; $ 13.207 ; $ 21.830 ; $ 14.286 ; $ 13.207 ; $ 22.330 ; $ 17.857 ; $ 13.307 ; $ 22.830 ; $ 17.857 ; $ 13.468 ; $ 23.830 ; $ 25.000 ; $ 14.105 ; $ 25.330 ; $ 30.000 ; $ 15.200 ; $ 28.830 ; $ 40.000 ; $ 15.200 ; $ 32.830 ; $ 50.000 ; $ 15.200 ; $ 35.330 ; $ 70.000 ; $ 15.200 ; $ 37.830 ; $ 90.000 ; $ 15.200 ; $ 40.330 ;;;6-10 minutos;; $ 500 ; $ 500 ; $ 500 ; $ 1.000 ; $ 1.500 ; $ 3.500 ; $ 4.000 ; $ 2.500 ; $ 2.500 ; $ 2.500 ; $ 1.000 ; $ 1.000 ; $ 1.000 ; $ 1.000 ; $ 1.000 ; $ 1.000 ; $ 1.000 ; $ 2.000 ; $ 2.000 ; $ 2.000 ; $ 2.000 
15;11-15minutos; $ 18.716 ; $ 13.207 ; $ 22.830 ; $ 18.716 ; $ 13.207 ; $ 23.330 ; $ 18.716 ; $ 13.207 ; $ 23.830 ; $ 23.527 ; $ 13.307 ; $ 24.330 ; $ 23.527 ; $ 13.468 ; $ 25.330 ; $ 35.000 ; $ 14.105 ; $ 26.830 ; $ 40.000 ; $ 15.200 ; $ 30.330 ; $ 50.000 ; $ 15.200 ; $ 34.830 ; $ 60.000 ; $ 15.200 ; $ 37.330 ; $ 80.000 ; $ 15.200 ; $ 39.830 ; $ 100.000 ; $ 15.200 ; $ 42.330 ;;;11-20minutos;; $ 500 ; $ 500 ; $ 500 ; $ 1.000 ; $ 1.500 ; $ 3.500 ; $ 4.500 ; $ 2.500 ; $ 2.500 ; $ 2.500 ; $ 1.500 ; $ 1.500 ; $ 1.500 ; $ 1.500 ; $ 1.500 ; $ 1.500 ; $ 1.500 ; $ 2.000 ; $ 2.000 ; $ 2.000 ; $ 2.000 
20;16-20minutos; $ 18.716 ; $ 13.207 ; $ 24.830 ; $ 18.716 ; $ 13.207 ; $ 25.330 ; $ 18.716 ; $ 13.207 ; $ 25.830 ; $ 23.527 ; $ 13.307 ; $ 26.330 ; $ 23.527 ; $ 13.468 ; $ 27.330 ; $ 35.000 ; $ 14.105 ; $ 28.830 ; $ 40.000 ; $ 15.200 ; $ 32.330 ; $ 50.000 ; $ 15.200 ; $ 36.830 ; $ 60.000 ; $ 15.200 ; $ 39.330 ; $ 80.000 ; $ 15.200 ; $ 41.830 ; $ 100.000 ; $ 15.200 ; $ 44.330 ;;;;;;;;;;;;;;;;;;;;;;;;;
30;21-30 minutos; $ 22.857 ; $ 13.207 ; $ 27.330 ; $ 22.857 ; $ 13.207 ; $ 27.830 ; $ 22.857 ; $ 13.207 ; $ 28.330 ; $ 28.571 ; $ 13.307 ; $ 28.830 ; $ 28.571 ; $ 13.468 ; $ 29.830 ; $ 40.000 ; $ 14.105 ; $ 31.330 ; $ 45.000 ; $ 15.200 ; $ 34.830 ; $ 55.000 ; $ 15.200 ; $ 36.830 ; $ 65.000 ; $ 15.200 ; $ 39.330 ; $ 85.000 ; $ 15.200 ; $ 41.830 ; $ 105.000 ; $ 15.200 ; $ 44.330 ;;;21-30 minutos;; $ 500 ; $ 500 ; $ 500 ; $ 1.000 ; $ 1.500 ; $ 3.500 ; $ 2.000 ; $ 2.500 ; $ 2.500 ; $ 2.500 ; $ 4.500 ; $ 4.500 ; $ 4.500 ; $ 4.500 ; $ 4.500 ; $ 4.500 ; $ 4.500 ; $ 2.000 ; $ 2.000 ; $ 2.000 ; $ 2.000 
40;31-40 minutos; $ 28.571 ; $ 13.207 ; $ 30.330 ; $ 28.571 ; $ 13.207 ; $ 30.830 ; $ 28.571 ; $ 13.207 ; $ 31.330 ; $ 35.714 ; $ 13.307 ; $ 31.830 ; $ 35.714 ; $ 13.468 ; $ 32.830 ; $ 50.000 ; $ 14.105 ; $ 34.330 ; $ 55.000 ; $ 15.200 ; $ 37.830 ; $ 65.000 ; $ 15.200 ; $ 38.830 ; $ 75.000 ; $ 15.200 ; $ 41.330 ; $ 95.000 ; $ 15.200 ; $ 43.830 ; $ 115.000 ; $ 15.200 ; $ 46.330 ;;;31-40 minutos;; $ 500 ; $ 500 ; $ 500 ; $ 1.000 ; $ 1.500 ; $ 3.500 ; $ 1.000 ; $ 2.500 ; $ 2.500 ; $ 2.500 ; $ 3.000 ; $ 3.000 ; $ 3.000 ; $ 3.000 ; $ 3.000 ; $ 3.000 ; $ 3.000 ; $ 2.000 ; $ 2.000 ; $ 2.000 ; $ 2.000 
50;41-50 minutos; $ 38.580 ; $ 13.207 ; $ 33.330 ; $ 38.580 ; $ 13.207 ; $ 33.830 ; $ 38.580 ; $ 13.207 ; $ 34.330 ; $ 60.000 ; $ 13.307 ; $ 34.830 ; $ 60.000 ; $ 13.468 ; $ 35.830 ; $ 60.000 ; $ 14.105 ; $ 37.330 ; $ 65.000 ; $ 15.200 ; $ 40.830 ; $ 75.000 ; $ 15.200 ; $ 42.830 ; $ 85.000 ; $ 15.200 ; $ 45.330 ; $ 105.000 ; $ 15.200 ; $ 47.830 ; $ 125.000 ; $ 15.200 ; $ 50.330 ;;;41-50 minutos;; $ 500 ; $ 500 ; $ 500 ; $ 1.000 ; $ 1.500 ; $ 3.500 ; $ 2.000 ; $ 2.500 ; $ 2.500 ; $ 2.500 ; $ 3.000 ; $ 3.000 ; $ 3.000 ; $ 3.000 ; $ 3.000 ; $ 3.000 ; $ 3.000 ; $ 4.000 ; $ 4.000 ; $ 4.000 ; $ 4.000 
60;51 - 60 minutos; $ 48.580 ; $ 13.207 ; $ 38.330 ; $ 48.580 ; $ 13.207 ; $ 38.830 ; $ 48.580 ; $ 13.207 ; $ 39.330 ; $ 70.000 ; $ 13.307 ; $ 39.830 ; $ 70.000 ; $ 13.468 ; $ 40.830 ; $ 70.000 ; $ 14.105 ; $ 42.330 ; $ 75.000 ; $ 15.200 ; $ 45.830 ; $ 85.000 ; $ 15.200 ; $ 46.830 ; $ 95.000 ; $ 15.200 ; $ 49.330 ; $ 115.000 ; $ 15.200 ; $ 51.830 ; $ 135.000 ; $ 15.200 ; $ 54.330 ;;;51 - 60 minutos;; $ 500 ; $ 500 ; $ 500 ; $ 1.000 ; $ 1.500 ; $ 3.500 ; $ 1.000 ; $ 2.500 ; $ 2.500 ; $ 2.500 ; $ 5.000 ; $ 5.000 ; $ 5.000 ; $ 5.000 ; $ 5.000 ; $ 5.000 ; $ 5.000 ; $ 4.000 ; $ 4.000 ; $ 4.000 ; $ 4.000 
;;;;;;;;;;;;;;;;;;;; $ 5.000 ;;; $ 10.000 ;;; $ 10.000 ;;; $ 20.000 ;;; $ 20.000 ;;;;;;;;;;;;;;;;;;;;;;;;;;;
;;;;;;;;;;;;;;;;;;;;;;;;;;;;;;;;;;;;;;;;;;;;;;;;;;;;;;;;;;;
Autoaplicado/Online;;;;;;;;;;;;;;;;;;;;;;;;;;;;;;;;;;;;;;;;;;;;;;;;;;;;;;;;;;;
;;;;;;;;;;;;;;;;;;;;;;;;;;;;;;;;;;;;;;;;;;;;;;;;;;;;;;;;;;;
;;Bajo;;;;;;;;;Medio;;;;;;Alto;;;;;;;;;;;;;;;;;;;;;;;;;;;;;;;;;;;;;;;;;;
;Perfil;Mas 82%;Coordinación, supervisión y tablets;Total Mas 82%;75%-82%;Coordinación, supervisión y tablets;Total 75%-82%;67%-74%;Coordinación, supervisión y tablets;Total 67%-74%;55-66%;Coordinación, supervisión y tablets;Total Mas 55-66%;46-54%;Coordinación, supervisión y tablets;Total Mas 46-54%;37-45%;Coordinación, supervisión y tablets;Total Mas 37-45%;0;Coordinación, supervisión y tablets;Total Mas 30-36%;22-29%;Coordinación, supervisión y tablets;Total Mas 22-29%;15-21%;Coordinación, supervisión y tablets;Total Mas 15-21%;10-14%;Coordinación, supervisión y tablets;Total Mas 10-14%;0-9%;Coordinación, supervisión y tablets;Total Mas 0-9%;;;;;;;;;;;;;;;;;;;;;;;;;
;1;2;3;4;5;6;7;8;9;10;11;12;13;14;15;16;17;18;19;20;21;22;23;24;25;26;27;28;29;30;31;32;33;34;;;;;;;;;;;;;;;Diferencia entre duraciones;;;;;;;;;;
;Perfil;Mas 82%;Coordinación, supervisión y tablets;Total Mas 82%;75%-82%;Coordinación, supervisión y tablets;Total 75%-82%;67%-74%;Coordinación, supervisión y tablets;Total 67%-74%;55-66%;Coordinación, supervisión y tablets;Total Mas 55-66%;46-54%;Coordinación, supervisión y tablets;Total Mas 46-54%;37-45%;Coordinación, supervisión y tablets;Total Mas 37-45%;0;Coordinación, supervisión y tablets;Total Mas 30-36%;0;Coordinación, supervisión y tablets;Total Mas 22-29%;0;Coordinación, supervisión y tablets;Total Mas 15-21%;0;Coordinación, supervisión y tablets;Total Mas 10-14%;0;Coordinación, supervisión y tablets;Total Mas 0-9%;;;Diferencia entre perfiles;Mas 82%;75%-82%;67%-74%;55-66%;46-54%;37-45%; 30-36%;22-29%;15-21%;10-14%;0-9%;Mas 82%;75%-82%;67%-74%;55-66%;46-54%;37-45%; 30-36%;22-29%;15-21%;10-14%;0-9%
5;0-5 minutos; $ 11.426 ; $ 13.207 ; $ 20.330 ; $ 12.326 ; $ 13.207 ; $ 20.830 ; $ 13.226 ; $ 13.207 ; $ 21.330 ; $ 14.126 ; $ 13.307 ; $ 21.830 ; $ 15.026 ; $ 13.468 ; $ 22.830 ; $ 16.826 ; $ 14.105 ; $ 24.330 ; $ 18.626 ; $ 15.200 ; $ 27.830 ; $ 20.426 ; $ 15.200 ; $ 30.830 ; $ 22.226 ; $ 15.200 ; $ 33.330 ; $ 24.026 ; $ 15.200 ; $ 35.830 ; $ 25.826 ; $ 15.200 ; $ 38.330 ;;;0-5 minutos;; $ 500 ; $ 500 ; $ 500 ; $ 1.000 ; $ 1.500 ; $ 3.500 ; $ 3.000 ; $ 2.500 ; $ 2.500 ; $ 2.500 ;;;;;;;;;;;
10;6-10 minutos; $ 13.226 ; $ 13.207 ; $ 21.330 ; $ 14.126 ; $ 13.207 ; $ 21.830 ; $ 15.026 ; $ 13.207 ; $ 22.330 ; $ 15.926 ; $ 13.307 ; $ 22.830 ; $ 16.826 ; $ 13.468 ; $ 23.830 ; $ 18.626 ; $ 14.105 ; $ 25.330 ; $ 20.426 ; $ 15.200 ; $ 28.830 ; $ 22.226 ; $ 15.200 ; $ 32.830 ; $ 24.026 ; $ 15.200 ; $ 35.330 ; $ 25.826 ; $ 15.200 ; $ 37.830 ; $ 27.626 ; $ 15.200 ; $ 40.330 ;;;6-10 minutos;; $ 500 ; $ 500 ; $ 500 ; $ 1.000 ; $ 1.500 ; $ 3.500 ; $ 4.000 ; $ 2.500 ; $ 2.500 ; $ 2.500 ; $ 1.000 ; $ 1.000 ; $ 1.000 ; $ 1.000 ; $ 1.000 ; $ 1.000 ; $ 1.000 ; $ 2.000 ; $ 2.000 ; $ 2.000 ; $ 2.000 
15;11-15minutos; $ 15.026 ; $ 13.207 ; $ 22.830 ; $ 15.926 ; $ 13.207 ; $ 23.330 ; $ 16.826 ; $ 13.207 ; $ 23.830 ; $ 17.726 ; $ 13.307 ; $ 24.330 ; $ 18.626 ; $ 13.468 ; $ 25.330 ; $ 20.426 ; $ 14.105 ; $ 26.830 ; $ 22.226 ; $ 15.200 ; $ 30.330 ; $ 24.026 ; $ 15.200 ; $ 34.830 ; $ 25.826 ; $ 15.200 ; $ 37.330 ; $ 27.626 ; $ 15.200 ; $ 39.830 ; $ 29.426 ; $ 15.200 ; $ 42.330 ;;;11-20minutos;; $ 500 ; $ 500 ; $ 500 ; $ 1.000 ; $ 1.500 ; $ 3.500 ; $ 4.500 ; $ 2.500 ; $ 2.500 ; $ 2.500 ; $ 1.500 ; $ 1.500 ; $ 1.500 ; $ 1.500 ; $ 1.500 ; $ 1.500 ; $ 1.500 ; $ 2.000 ; $ 2.000 ; $ 2.000 ; $ 2.000 
20;16-20minutos; $ 16.826 ; $ 13.207 ; $ 24.830 ; $ 17.726 ; $ 13.207 ; $ 25.330 ; $ 18.626 ;; $ 25.830 ; $ 19.526 ; $ 13.307 ; $ 26.330 ; $ 20.426 ; $ 13.468 ; $ 27.330 ; $ 22.226 ; $ 14.105 ; $ 28.830 ; $ 24.026 ; $ 15.200 ; $ 32.330 ; $ 25.826 ; $ 15.200 ; $ 36.830 ; $ 27.626 ; $ 15.200 ; $ 39.330 ; $ 29.426 ; $ 15.200 ; $ 41.830 ; $ 31.226 ; $ 15.200 ; $ 44.330 ;;;;;;;;;;;;;;;;;;;;;;;;;
30;21-30 minutos; $ 18.626 ; $ 13.207 ; $ 27.330 ; $ 19.526 ; $ 13.207 ; $ 27.830 ; $ 20.426 ;47:39:00; $ 28.330 ; $ 21.326 ; $ 13.307 ; $ 28.830 ; $ 22.226 ; $ 13.468 ; $ 29.830 ; $ 24.026 ; $ 14.105 ; $ 31.330 ; $ 25.826 ; $ 15.200 ; $ 34.830 ; $ 27.626 ; $ 15.200 ; $ 36.830 ; $ 29.426 ; $ 15.200 ; $ 39.330 ; $ 31.226 ; $ 15.200 ; $ 41.830 ; $ 33.026 ; $ 15.200 ; $ 44.330 ;;;21-30 minutos;; $ 500 ; $ 500 ; $ 500 ; $ 1.000 ; $ 1.500 ; $ 3.500 ; $ 2.000 ; $ 2.500 ; $ 2.500 ; $ 2.500 ; $ 4.500 ; $ 4.500 ; $ 4.500 ; $ 4.500 ; $ 4.500 ; $ 4.500 ; $ 4.500 ; $ 2.000 ; $ 2.000 ; $ 2.000 ; $ 2.000 
40;31-40 minutos; $ 20.426 ; $ 13.207 ; $ 30.330 ; $ 21.326 ; $ 13.207 ; $ 30.830 ; $ 22.226 ; $ 13.207 ; $ 31.330 ; $ 23.126 ; $ 13.307 ; $ 31.830 ; $ 24.026 ; $ 13.468 ; $ 32.830 ; $ 25.826 ; $ 14.105 ; $ 34.330 ; $ 27.626 ; $ 15.200 ; $ 37.830 ; $ 29.426 ; $ 15.200 ; $ 38.830 ; $ 31.226 ; $ 15.200 ; $ 41.330 ; $ 33.026 ; $ 15.200 ; $ 43.830 ; $ 34.826 ; $ 15.200 ; $ 46.330 ;;;31-40 minutos;; $ 500 ; $ 500 ; $ 500 ; $ 1.000 ; $ 1.500 ; $ 3.500 ; $ 1.000 ; $ 2.500 ; $ 2.500 ; $ 2.500 ; $ 3.000 ; $ 3.000 ; $ 3.000 ; $ 3.000 ; $ 3.000 ; $ 3.000 ; $ 3.000 ; $ 2.000 ; $ 2.000 ; $ 2.000 ; $ 2.000 
50;41-50 minutos; $ 22.226 ; $ 13.207 ; $ 33.330 ; $ 23.126 ; $ 13.207 ; $ 33.830 ; $ 24.026 ; $ 13.207 ; $ 34.330 ; $ 24.926 ; $ 13.307 ; $ 34.830 ; $ 25.826 ; $ 13.468 ; $ 35.830 ; $ 27.626 ; $ 14.105 ; $ 37.330 ; $ 29.426 ; $ 15.200 ; $ 40.830 ; $ 31.226 ; $ 15.200 ; $ 42.830 ; $ 33.026 ; $ 15.200 ; $ 45.330 ; $ 34.826 ; $ 15.200 ; $ 47.830 ; $ 36.626 ; $ 15.200 ; $ 50.330 ;;;41-50 minutos;; $ 500 ; $ 500 ; $ 500 ; $ 1.000 ; $ 1.500 ; $ 3.500 ; $ 2.000 ; $ 2.500 ; $ 2.500 ; $ 2.500 ; $ 3.000 ; $ 3.000 ; $ 3.000 ; $ 3.000 ; $ 3.000 ; $ 3.000 ; $ 3.000 ; $ 4.000 ; $ 4.000 ; $ 4.000 ; $ 4.000 
60;51 - 60 minutos; $ 24.026 ; $ 13.207 ; $ 38.330 ; $ 24.926 ; $ 13.207 ; $ 38.830 ; $ 25.826 ; $ 13.207 ; $ 39.330 ; $ 26.726 ; $ 13.307 ; $ 39.830 ; $ 27.626 ; $ 13.468 ; $ 40.830 ; $ 29.426 ; $ 14.105 ; $ 42.330 ; $ 31.226 ; $ 15.200 ; $ 45.830 ; $ 33.026 ; $ 15.200 ; $ 46.830 ; $ 34.826 ; $ 15.200 ; $ 49.330 ; $ 36.626 ; $ 15.200 ; $ 51.830 ; $ 38.426 ; $ 15.200 ; $ 54.330 ;;;51 - 60 minutos;; $ 500 ; $ 500 ; $ 500 ; $ 1.000 ; $ 1.500 ; $ 3.500 ; $ 1.000 ; $ 2.500 ; $ 2.500 ; $ 2.500 ; $ 5.000 ; $ 5.000 ; $ 5.000 ; $ 5.000 ; $ 5.000 ; $ 5.000 ; $ 5.000 ; $ 4.000 ; $ 4.000 ; $ 4.000 ; $ 4.000 
;;;;; 5,00 ;;;10;;;15;;;20;;;30;;;40;;;50;;;60;;;70;;;80;;;;;;;;;;;;;;;;;;;;;;;;;;;
;;;;;;;;;;;;;;;;;;;;;;;;;;;;;;;;;;;;;;;;;;;;;;;;;;;;;;;;;;;
Mystery;;;;;;;;;;;;;;;;;;;;;;;;;;;;;;;;;;;;;;;;;;;;;;;;;;;;;;;;;;;
;;;;;;;;;;;;;;;;;;;;;;;;;;;;;;;;;;;;;;;;;;;;;;;;;;;;;;;;;;;
;TIPO DE VISITA ;"VALOR DE LA VISITA PARA PAGO A MYSTERY A LA SL 
DESDE";"VALOR DE LA VISITA PARA PAGO A MYSTERY A LA SL 
HASTA";EJEMPLO DE ESTUDIOS ;Valor a Contratistas ;;;;CPI SL INCLUIDO EL GM ;;;;;;;;;;;;;;;;;;;;;;;;;;;;;;;;;;;;;;;;;;;;;;;;;;
;Básica - Audio /fotos; $ 22.000 ; $ 35.000 ;ROMANELLI - DROGUERIAS ;Aprox. $4.000 por debajo de la tarifa cobrada a la SL, el valor minimo debe ser de $18.000 para la visita más básica;;;;Desde ;Hasta ;;;;;;;;;;;;;;;;;;;;;;;;;;;;;;;;;;;;;;;;;;;;;;;;;
;Medía - Audio/fotos; $ 28.001 ; $ 35.000 ;WOM ;;;;Básica ; $ 220.000 ; $ 283.000 ;;;;;;;;;;;;;;;;;;;;;;;;;;;;;;;;;;;;;;;;;;;;;;;;;
;Alta - Audio /fotos; $ 35.001 ; $ 50.000 ;SOFASA - AUDITORIAS ;;;;Media ; $ 283.001 ; $ 355.000 ;;;;;;;;;;;;;;;;;;;;;;;;;;;;;;;;;;;;;;;;;;;;;;;;;
;Básica - Video; $ 45.001 ; $ 52.000 ;Tigo - Dealers;;;;Alta ; $ 355.001 ; $ 480.000 ;;;;;;;;;;;;;;;;;;;;;;;;;;;;;;;;;;;;;;;;;;;;;;;;;
;Medía - Video; $ 52.001 ; $ 60.000 ;Tigo tiendas propias;;;;;;;;;;;;;;;;;;;;;;;;;;;;;;;;;;;;;;;;;;;;;;;;;;;;;;;
;Alta - Video; $ 60.001 ; $ 90.000 ;Sofasa - postventa ;;;;;;;;;;;;;;;;;;;;;;;;;;;;;;;;;;;;;;;;;;;;;;;;;;;;;;;
;Básica- Telefonica - Digital; $ 20.000 ; $ 24.000 ;Consultas con y sin perfil reclutado ;;;;;;;;;;;;;;;;;;;;;;;;;;;;;;;;;;;;;;;;;;;;;;;;;;;;;;;
;Media - Telefonica - Digital; $ 20.000 ; $ 24.000 ;Consultas con y sin perfil reclutado ;;;;;;;;;;;;;;;;;;;;;;;;;;;;;;;;;;;;;;;;;;;;;;;;;;;;;;;
;Alta - Telefonica - Digital; $ 28.001 ; $ 35.000 ;Transacciones con perfil reclutado ;;;;;;;;;;;;;;;;;;;;;;;;;;;;;;;;;;;;;;;;;;;;;;;;;;;;;;;
;Ninguna; $ -   ; $ -   ;;;;;;;;;;;;;;;;;;;;;;;;;;;;;;;;;;;;;;;;;;;;;;;;;;;;;;;;
;1; $ 2 ; $ 3 ;4;5;6;1;2;3;4;5;6;;;;;;;;;;;;;;;;;;;;;;;;;;;;;;;;;;;;;;;;;;;;;;;
;;Horas de Capacitación;;;BONOS ACOMPAÑANTES ;Reclutamiento;Muestra; Apoyo otra asistencia - Unificación videos - RMC  ; Horas de Coordinación PMO/Campo ;ITEM SOLUCION A DESCARGOS - CONTROL CALIDAD (Depende de la muestra a ejecutar) # Días;COSTO TELEFONICO ;COMPRA DE DISPOSITIVOS GRABACION ;; Tiempo de coordinación  ;Se calcula dependiendo del salario del coordinador y teniendo en cuenta que el salario debe dividirse en 4 o 5 partes, que es el promedio de estudios que puede coordinar al mes ;;;;;;;;;;;;;;;;;;;;;;;;;;;;;;;;;;;;;;;;;;;;
;Complejidad;OLA 1 # Horas;OTRAS OLAS # Horas;;;;50;10;8;1; $ 30.000 ; $ 300.000,00 ;;;Si el estudio es como un Tigo, Terpel, se debe cargar un 75% de un salario completo ;;;;;;;;;;;;;;;;;;;;;;;;;;;;;;;;;;;;;;;;;;;;
1;Básica - Audio /fotos;2;1;1; $ 30.000 ; $ 20.000 ;100;12;10;1; $ 50.000 ; $ 600.000,00 ;;;Otra forma de calcular es (Muestra)*0,4 - Se deben confirmar los valores de acuerdo al tiempo que se va a dedicar al estudio ;;;;;;;;;;;;;;;;;;;;;;;;;;;;;;;;;;;;;;;;;;;;
1;Básica - Video;2;1;1; $ 35.000 ; $ 20.000 ;200;20;20;1,5; $ 100.000 ; $ 900.000,00 ;;PMO;Se calcula dependiendo del salario del coordinador y teniendo en cuenta que el salario debe dividirse en 4 o 5 partes, que es el promedio de estudios que puede coordinar al mes ;;;;;;;;;;;;;;;;;;;;;;;;;;;;;;;;;;;;;;;;;;;;
1;Básica- Telefonica - Digital;2;1;1; $ 15.000 ; $ 20.000 ;300;30;30;2; $ 100.000 ; $ 1.200.000,00 ;;;Si el estudio es como un Tigo. Terpel, se debe cargar un 60% de un salario completo;;;;;;;;;;;;;;;;;;;;;;;;;;;;;;;;;;;;;;;;;;;;
2;Medía - Audio/fotos;3;1.5;2; $ 35.000 ; $ 30.000 ;Estudio en donde la ejecucuión sea con perfiles altos y que se paga la visita a través de bono, se deben validar pues minimo debería ser de $100.000 - $150.000 para visitas presenciales ;;10;;;;;;Otra forma de calcular es (Muestra)*0,2 - Se deben confirmar los valores de acuerdo al tiempo que se va a dedicar al estudio ;;;;;;;;;;;;;;;;;;;;;;;;;;;;;;;;;;;;;;;;;;;;
2;Medía - Video;3;1.5;2; $ 45.000 ; $ 30.000 ;;;;;;;;DATACLEANING POR CADA DISEÑO;TIEMPO ESTANDAR OLA 1;TIEMPO ESTANDAR OTRAS OLAS;Observaciones ;;;;;;;;;;;;;;;;;;;;;;;;;;;;;;;;;;;;;;;;;;
2;Media - Telefonica - Digital;3;1.5;2; $ 20.000 ; $ 30.000 ;;;;;;;;;18 HORAS;18 HORAS ;Tener presente la cantidad de diseños o segmentos y cuantos cuestionarios serán ;;;;;;;;;;;;;;;;;;;;;;;;;;;;;;;;;;;;;;;;;;
3;Alta - Audio /fotos;4;2.5;3; $ 45.000 ; $ 40.000 ;;;;;;;;;;;Importante validar con la SL cuantos datacleaning se hacen a total olas y en la ola ;;;;;;;;;;;;;;;;;;;;;;;;;;;;;;;;;;;;;;;;;;
3;Alta - Video;4;2.5;3; $ 60.000 ; $ 40.000 ;;;;;;;;;;;Por lo general se hace un datacleaning al inicio del tracking y 2 -3 más si es necesario y hay cambios importantes en el cuestionario ;;;;;;;;;;;;;;;;;;;;;;;;;;;;;;;;;;;;;;;;;;
3;Alta - Telefonica - Digital;4;2.5;3; $ 25.000 ; $ 40.000 ;;;;;;;;SCRIPTING ;TIEMPO ESTANDAR OLA 1;AJUSTES ;;;;;;;;;;;;;;;;;;;;;;;;;;;;;;;;;;;;;;;;;;;
0;Ninguna;;;0; $ -   ;;;;;;;;;VALOR HORA;28 HORAS;8 HORAS;;;;;;;;;;;;;;;;;;;;;;;;;;;;;;;;;;;;;;;;;;;
;;;;;;;;;;;;;PROCESAMIENTO POR CADA DISEÑO;TIEMPO ESTANDAR OLA 1;TIEMPO ESTANDAR OTRAS OLAS (PARA TRACKING);Observaciones ;;;;;;;;;;;;;;;;;;;;;;;;;;;;;;;;;;;;;;;;;;;
;;;;;;;;;;;;;18 HORAS;18 HORAS ;Tener presente la cantidad de diseños o segmentos y cuantos cuestionarios serán ;;;;;;;;;;;;;;;;;;;;;;;;;;;;;;;;;;;;;;;;;;;;
;EDICION Videos;Tarifa a la SL ;Tarifa a Carlos ;Observaciones ;;;;;;;;;;;En el caso de tracking verificar cada cuanto se harán los procesamientos ;;;;;;;;;;;;;;;;;;;;;;;;;;;;;;;;;;;;;;;;;;;;
;Tarifa Normal con plantilla; $ 22.000 ; $ 18.000 ;;;;;;;;;;;;;;;;;;;;;;;;;;;;;;;;;;;;;;;;;;;;;;;;;;;;;;;;
;Tarifa Edición por repetición de visita/ Edición de ajustes menores (Inconvenientes: Audio, Groserías, Lipsing etc) ,Cuando el proyecto no maneja presupuesto de edición de video pero calidad no lo pasa por los inconvenientes mencionados; $ 18.000 ; $ 16.000 ;APROXIMADAMENTE PUEDE SER EL 15% DE LA MUESTRA ;;;;;;;;;;;;;;;;;;;;;;;;;;;;;;;;;;;;;;;;;;;;;;;;;;;;;;;
;;;;;;;;;;;;;;;;;;;;;;;;;;;;;;;;;;;;;;;;;;;;;;;;;;;;;;;;;;;
;;;;;;;;;;;;;;;;;;;;;;;;;;;;;;;;;;;;;;;;;;;;;;;;;;;;;;;;;;;
;;OLA 1 ;OTRAS OLAS;;;;;;;;;;;;;;;;;;;;;;;;;;;;;;;;;;;;;;;;;;;;;;;;;;;;;;;;
;FORMULA CAPACITACION Y ENTREGA - CONTROL CALIDAD;((2*1)+(4*2))/9;(((2*1)+(4*2))/9)/2;;;;;;;;;;;;;;;;;;;;;;;;;;;;;;;;;;;;;;;;;;;;;;;;;;;;;;;;
;;;;;;;;;;;;;;;;;;;;;;;;;;;;;;;;;;;;;;;;;;;;;;;;;;;;;;;;;;;
;VIATICOS;10 - 15% DE INCREMENTO PARA IMPREVISTOS ;;linea 9997 - matrix;;;;;;;;;;;;;;;;;;;;;;;;;;;;;;;;;;;;;;;;;;;;;;;;;;;;;;;
;;;;;;;;;;;;;;;;;;;;;;;;;;;;;;;;;;;;;;;;;;;;;;;;;;;;;;;;;;;
;;;;;;;;;;;;;;;;;;;;;;;;;;;;;;;;;;;;;;;;;;;;;;;;;;;;;;;;;;;
;;;;Observaciones ;;;;;;;;;;;;;;;;;;;;;;;;;;;;;;;;;;;;;;;;;;;;;;;;;;;;;;;
;FORMULA PARA CALCULAR CRITICA ;(Muestra / cantidad de visitas que se revisan al día)*1,2;;El 1,2 hace referencia a que a cada visita se le debe aumentar un 20% más del tiempo de revisión para solución de inconsistencias ;;;;;;;;;;;;;;;;;;;;;;;;;;;;;;;;;;;;;;;;;;;;;;;;;;;;;;;
;;;;;;;;;;;;;;;;;;;;;;;;;;;;;;;;;;;;;;;;;;;;;;;;;;;;;;;;;;;
;;;;;;;;;;;;;;;;;;;;;;;;;;;;;;;;;;;;;;;;;;;;;;;;;;;;;;;;;;;
;GM MYSTERY PARA LA SL ;MINIMO;HASTA ;;;;;;;;;;;;;;;;;;;;;;;;;;;;;;;;;;;;;;;;;;;;;;;;;;;;;;;;
;;48%;55%;Validar, es solo para calculos internos y se sugiere a la SL ;;;;;;;;;;;;;;;;;;;;;;;;;;;;;;;;;;;;;;;;;;;;;;;;;;;;;;;
;;;;;;;;;;;;;;;;;;;;;;;;;;;;;;;;;;;;;;;;;;;;;;;;;;;;;;;;;;;
;Si se incluyen bonos desde el interno ;COD MATRIX;COD SYMPHONY ;;;;;;;;;;;;;;;;;;;;;;;;;;;;;;;;;;;;;;;;;;;;;;;;;;;;;;;;
;;400;;;;;;;;;;;;;;;;;;;;;;;;;;;;;;;;;;;;;;;;;;;;;;;;;;;;;;;;;
;;;;;;;;;;;;;;;;;;;;;;;;;;;;;;;;;;;;;;;;;;;;;;;;;;;;;;;;;;;
;COSTOS EN EL EXTERNO ;COD MATRIX;COD SYMPHONY ;Observaciones ;;;;;;;;;;;;;;;;;;;;;;;;;;;;;;;;;;;;;;;;;;;;;;;;;;;;;;;
;El costo de almacenamiento de encuestas en shopmetrics;898;3030;;;;;;;;;;;;;;;;;;;;;;;;;;;;;;;;;;;;;;;;;;;;;;;;;;;;;;;;
;Los bonos a acompañantes ;500;2400;;;;;;;;;;;;;;;;;;;;;;;;;;;;;;;;;;;;;;;;;;;;;;;;;;;;;;;;
;% del 10% en comisión de bonos ;500;2400;La comisión varia dependiendo el tipo de bono que será entregado ;;;;;;;;;;;;;;;;;;;;;;;;;;;;;;;;;;;;;;;;;;;;;;;;;;;;;;;
;Compra de dispositivos;654;3380;Promedio de $300.000 c/u (incluye dispositivo y memoria);;;;;;;;;;;;;;;;;;;;;;;;;;;;;;;;;;;;;;;;;;;;;;;;;;;;;;;
;Compra de renovación vimeo ;654;3380;Se debe tener presente que en los proyectos vendidos en el año se debe disponer aprox $5.000.000 que vale la renovación ;;;;;;;;;;;;;;;;;;;;;;;;;;;;;;;;;;;;;;;;;;;;;;;;;;;;;;;
;;;;;;;;;;;;;;;;;;;;;;;;;;;;;;;;;;;;;;;;;;;;;;;;;;;;;;;;;;;
;;;;;;;;;;;;;;;;;;;;;;;;;;;;;;;;;;;;;;;;;;;;;;;;;;;;;;;;;;;
;;;;;;;;;;;;;;;;;;;;;;;;;;;;;;;;;;;;;;;;;;;;;;;;;;;;;;;;;;;
;;;;;;;;;;;;;;;;;;;;;;;;;;;;;;;;;;;;;;;;;;;;;;;;;;;;;;;;;;;
Procesos Equipo de Norma y Perú;;;;;;;;;;;;;;;;;;;;;;;;;;;;;;;;;;;;;;;;;;;;;;;;;;;;;;;;;;;
;;;;;;;;;;;;;;;;;;;;;;;;;;;;;;;;;;;;;;;;;;;;;;;;;;;;;;;;;;;
;Horas de Script;;Procesamiento;Harmoni;Graficación;;;;;;;;;;;;;;;;;;;;;;;;;;;;;;;;;;;;;;;;;;;;;;;;;;;;;;
;0-5 minutos;28;18;9;27;;;;;;;;;;;;;;;;;;;;;;;;;;;;;;;;;;;;;;;;;;;;;;;;;;;;;;
;6-10 minutos;28;18;9;27;;;;;;;;;;;;;;;;;;;;;;;;;;;;;;;;;;;;;;;;;;;;;;;;;;;;;;
;11-15minutos;28;18;9;27;;;;;;;;;;;;;;;;;;;;;;;;;;;;;;;;;;;;;;;;;;;;;;;;;;;;;;
;16-20minutos;41;18;9;27;;;;;;;;;;;;;;;;;;;;;;;;;;;;;;;;;;;;;;;;;;;;;;;;;;;;;;
;21-30 minutos;41;18;9;36;;;;;;;;;;;;;;;;;;;;;;;;;;;;;;;;;;;;;;;;;;;;;;;;;;;;;;
;31-40 minutos;52;18;9;36;;;;;;;;;;;;;;;;;;;;;;;;;;;;;;;;;;;;;;;;;;;;;;;;;;;;;;
;41-50 minutos;63;18;9;45;;;;;;;;;;;;;;;;;;;;;;;;;;;;;;;;;;;;;;;;;;;;;;;;;;;;;;
;51 - 60 minutos;63;18;9;45;;;;;;;;;;;;;;;;;;;;;;;;;;;;;;;;;;;;;;;;;;;;;;;;;;;;;;
;Nuevo;1;;;;;;;;;;;;;;;;;;;;;;;;;;;;;;;;;;;;;;;;;;;;;;;;;;;;;;;;;
;Duplicado;4;;;;;;;;;;;;;;;;;;;;;;;;;;;;;;;;;;;;;;;;;;;;;;;;;;;;;;;;;
;Reutilización;2;;;;;;;;;;;;;;;;;;;;;;;;;;;;;;;;;;;;;;;;;;;;;;;;;;;;;;;;;
;;;;$ 1.509.064;;;;;;;;;;;;;;;;;;;;;;;;;;;;;;;;;;;;;;;;;;;;;;;;;;;;;;;
;;;;53895,14286;;;;;;;;;;;;;;;;;;;;;;;;;;;;;;;;;;;;;;;;;;;;;;;;;;;;;;;
;;;;$ 976.238;;;;;;;;;;;;;;;;;;;;;;;;;;;;;;;;;;;;;;;;;;;;;;;;;;;;;;;
;;;;54235,44444;;;;;;;;;;;;;;;;;;;;;;;;;;;;;;;;;;;;;;;;;;;;;;;;;;;;;;;
;;;;;;;;;;;;;;;;;;;;;;;;;;;;;;;;;;;;;;;;;;;;;;;;;;;;;;;;;;;
;;;;;;;;;;;;;;;;;;;;;;;;;;;;;;;;;;;;;;;;;;;;;;;;;;;;;;;;;;;
Parametros para la formulación;;;;;;;;;;;;;;;;;;;;;;;;;;;;;;;;;;;;;;;;;;;;;;;;;;;;;;;;;;;
0;;;;;;;;;;;;;;;;;;;;;;;;;;;;;;;;;;;;;;;;;;;;;;;;;;;;;;;;;;;
1;Mas 82%;0-5 minutos;;;;;;;;;;;;;;;;;;;;;;;;;;;;;;;;;;;;;;;;;;;;;;;;;;;;;;;;;
2;75%-82%;6-10 minutos;;;;;;;;;;;;;;;;;;;;;;;;;;;;;;;;;;;;;;;;;;;;;;;;;;;;;;;;;
3;67%-74%;11-15minutos;;;;;;;;;;;;;;;;;;;;;;;;;;;;;;;;;;;;;;;;;;;;;;;;;;;;;;;;;
4;55-66%;16-20minutos;;;;;;;;;;;;;;;;;;;;;;;;;;;;;;;;;;;;;;;;;;;;;;;;;;;;;;;;;
5;46-54%;21-30 minutos;;;;;;;;;;;;;;;;;;;;;;;;;;;;;;;;;;;;;;;;;;;;;;;;;;;;;;;;;
6;37-45%;31-40 minutos;;;;;;;;;;;;;;;;;;;;;;;;;;;;;;;;;;;;;;;;;;;;;;;;;;;;;;;;;
7;30-36%;41-50 minutos;;;;;;;;;;;;;;;;;;;;;;;;;;;;;;;;;;;;;;;;;;;;;;;;;;;;;;;;;
8;22-29%;51 - 60 minutos;;;;;;;;;;;;;;;;;;;;;;;;;;;;;;;;;;;;;;;;;;;;;;;;;;;;;;;;;
9;15-21%;;;;;;;;;;;;;;;;;;;;;;;;;;;;;;;;;;;;;;;;;;;;;;;;;;;;;;;;;;
10;10-14%;;;;;;;;;;;;;;;;;;;;;;;;;;;;;;;;;;;;;;;;;;;;;;;;;;;;;;;;;;
11;0-9%;;;;;;;;;;;;;;;;;;;;;;;;;;;;;;;;;;;;;;;;;;;;;;;;;;;;;;;;;;
12;;;;;;;;;;;;;;;;;;;;;;;;;;;;;;;;;;;;;;;;;;;;;;;;;;;;;;;;;;;
13;Bases;;;;;;;;;;;;;;;;;;;;;;;;;;;;;;;;;;;;;;;;;;;;;;;;;;;;;;;;;;
14;Parcial;2;; Cliente ;0;;;;;;;;;;;;;;;;;;;;;;;;;;;;;;;;;;;;;;;;;;;;;;;;;;;;;;
15;Total;1;; Comprar ;1;;;;;;;;;;;;;;;;;;;;;;;;;;;;;;;;;;;;;;;;;;;;;;;;;;;;;;
;;;; No requiere ;0;;;;;;;;;;;;;;;;;;;;;;;;;;;;;;;;;;;;;;;;;;;;;;;;;;;;;;
;Probabilidad de aprobación;;;Prueba;;;;;;;;;;;;;;;;;;;;;;;;;;;;;;;;;;;;;;;;;;;;;;;;;;;;;;;
;Alta;1;; Monádica ;1;;;;;;;;;;;;;;;;;;;;;;;;;;;;;;;;;;;;;;;;;;;;;;;;;;;;;;
;Media;2;; Monádica sequencial ;2;;;;;;;;;;;;;;;;;;;;;;;;;;;;;;;;;;;;;;;;;;;;;;;;;;;;;;
;Baja;3;; No aplica ;0;;;;;;;;;;;;;;;;;;;;;;;;;;;;;;;;;;;;;;;;;;;;;;;;;;;;;;
;;;;;;;;;;;;;;;;;;;;;;;;;;;;;;;;;;;;;;;;;;;;;;;;;;;;;;;;;;;
;;;;;;;;;;;;;;;;;;;;;;;;;;;;;;;;;;;;;;;;;;;;;;;;;;;;;;;;;;;
;;;;;;;;;;;;;;;;;;;;;;;;;;;;;;;;;;;;;;;;;;;;;;;;;;;;;;;;;;;
;Reclutamiento en sitio;;;;;;;;;;;;;;;;;;;;;;;;;;;;;;;;;;;;;;;;;;;;;;;;;;;;;;;;;;
;Parcial;0,8;;;;;;;;;;;;;;;;;;;;;;;;;;;;;;;;;;;;;;;;;;;;;;;;;;;;;;;;;
;Total;1;;;;;;;;;;;;;;;;;;;;;;;;;;;;;;;;;;;;;;;;;;;;;;;;;;;;;;;;;
;Ninguno;0;;;;;;;;;;;;;;;;;;;;;;;;;;;;;;;;;;;;;;;;;;;;;;;;;;;;;;;;;
;Otros;;;;;;;;;;;;;;;;;;;;;;;;;;;;;;;;;;;;;;;;;;;;;;;;;;;;;;;;;;
;Si;1;;;;;;;;;;;;;;;;;;;;;;;;;;;;;;;;;;;;;;;;;;;;;;;;;;;;;;;;;
;No;0;;;;;;;;;;;;;;;;;;;;;;;;;;;;;;;;;;;;;;;;;;;;;;;;;;;;;;;;;
;Bases;;;;;;;;;;;;;;;;;;;;;;;;;;;;;;;;;;;;;;;;;;;;;;;;;;;;;;;;;;
;Si; Parcial ;;;;;;;;;;;;;;;;;;;;;;;;;;;;;;;;;;;;;;;;;;;;;;;;;;;;;;;;;
;No; Total ;;;;;;;;;;;;;;;;;;;;;;;;;;;;;;;;;;;;;;;;;;;;;;;;;;;;;;;;;
;;;;;;;;;;;;;;;;;;;;;;;;;;;;;;;;;;;;;;;;;;;;;;;;;;;;;;;;;;;
;;;;;;;;;;;;;;;;;;;;;;;;;;;;;;;;;;;;;;;;;;;;;;;;;;;;;;;;;;;
;;;;;;;;;;;;;;;;;;;;;;;;;;;;;;;;;;;;;;;;;;;;;;;;;;;;;;;;;;;
;;;;;;;;;;;;;;;;;;;;;;;;;;;;;;;;;;;;;;;;;;;;;;;;;;;;;;;;;;;
;Etiquetado ; $ 3.484 ;1;;;;;;;;;;;;;;;;;;;;;;;;;;;;;;;;;;;;;;;;;;;;;;;;;;;;;;;;
;Empaque(Dosificarlo); $ 3.484 ;1;;;;;;;;;;;;;;;;;;;;;;;;;;;;;;;;;;;;;;;;;;;;;;;;;;;;;;;;
;Blind, o prueba a ciegas; $ 2.400 ;1;;;;;;;;;;;;;;;;;;;;;;;;;;;;;;;;;;;;;;;;;;;;;;;;;;;;;;;;
;No requiere; $ -   ;0;;;;;;;;;;;;;;;;;;;;;;;;;;;;;;;;;;;;;;;;;;;;;;;;;;;;;;;;
; Localización Central  ;1;;; F2F ;1;;;;;;;;;;;;;;;;;;;;;;;;;;;;;;;;;;;;;;;;;;;;;;;;;;;;;
; Hogares ;0;;; CATI ;2;;;;;;;;;;;;;;;;;;;;;;;;;;;;;;;;;;;;;;;;;;;;;;;;;;;;;
; Intercept ;0;;; ONLINE ;3;;;;;;;;;;;;;;;;;;;;;;;;;;;;;;;;;;;;;;;;;;;;;;;;;;;;;
; Gobierno ;0;;; AUTOAPLICADO  ;3;;;;;;;;;;;;;;;;;;;;;;;;;;;;;;;;;;;;;;;;;;;;;;;;;;;;;
; B2C ;0;;; AUTOAPLICADO INNO ;4;;;;;;;;;;;;;;;;;;;;;;;;;;;;;;;;;;;;;;;;;;;;;;;;;;;;;
; B2B ;0;;; MISTERY ;5;;;;;;;;;;;;;;;;;;;;;;;;;;;;;;;;;;;;;;;;;;;;;;;;;;;;;
; Panel ;0;;; CAMPO EXTERNO ;6;;;;;;;;;;;;;;;;;;;;;;;;;;;;;;;;;;;;;;;;;;;;;;;;;;;;;
; Mistery ;0;;; CAMPO INTERNACIONAL ;7;;;;;;;;;;;;;;;;;;;;;;;;;;;;;;;;;;;;;;;;;;;;;;;;;;;;;
; Autoaplicada ;0;;; NINGUNA ;0;;;;;;;;;;;;;;;;;;;;;;;;;;;;;;;;;;;;;;;;;;;;;;;;;;;;;
; Online ;0;;;;;;;;;;;;;;;;;;;;;;;;;;;;;;;;;;;;;;;;;;;;;;;;;;;;;;;;;
;;;;;;;;;;;;;;;;;;;;;;;;;;;;;;;;;;;;;;;;;;;;;;;;;;;;;;;;;;;
1;Juice Drink;Jugo;1;;;;;;;;;;;;;;;;;;;;;;;;;;;;;;;;;;;;;;;;;;;;;;;;;;;;;;;;
2;Alcoholic beverages;Bebidas alcohólicas;2;;;;;;;;;;;;;;;;;;;;;;;;;;;;;;;;;;;;;;;;;;;;;;;;;;;;;;;;
3;Isotonic drinks;Bebidas isotónicas;3;;;;;;;;;;;;;;;;;;;;;;;;;;;;;;;;;;;;;;;;;;;;;;;;;;;;;;;;
4;;Bebidas No alcohólicas;4;;;;;;;;;;;;;;;;;;;;;;;;;;;;;;;;;;;;;;;;;;;;;;;;;;;;;;;;
5;;Bebidas en polvo basicas;5;;;;;;;;;;;;;;;;;;;;;;;;;;;;;;;;;;;;;;;;;;;;;;;;;;;;;;;;
6;Baby & Child Care;Cuidado de bebés y niños;6;;;;;;;;;;;;;;;;;;;;;;;;;;;;;;;;;;;;;;;;;;;;;;;;;;;;;;;;
7;Hair Care;Cuidado del cabello;7;;;;;;;;;;;;;;;;;;;;;;;;;;;;;;;;;;;;;;;;;;;;;;;;;;;;;;;;
8;Laundry;Detergentes;8;;;;;;;;;;;;;;;;;;;;;;;;;;;;;;;;;;;;;;;;;;;;;;;;;;;;;;;;
9;Personal care;Cuidado personal;9;;;;;;;;;;;;;;;;;;;;;;;;;;;;;;;;;;;;;;;;;;;;;;;;;;;;;;;;
10;facial care;Cuidado facial;10;;;;;;;;;;;;;;;;;;;;;;;;;;;;;;;;;;;;;;;;;;;;;;;;;;;;;;;;
11;Snacks & Confectionery;Snacks, Aperitivos y confitería;11;;;;;;;;;;;;;;;;;;;;;;;;;;;;;;;;;;;;;;;;;;;;;;;;;;;;;;;;
12;Technology and Electronics;Tecnología y Electrónica;12;;;;;;;;;;;;;;;;;;;;;;;;;;;;;;;;;;;;;;;;;;;;;;;;;;;;;;;;
13;Dairy;Lácteos RTD;13;;;;;;;;;;;;;;;;;;;;;;;;;;;;;;;;;;;;;;;;;;;;;;;;;;;;;;;;
14;Biscuits;Galletas;14;;;;;;;;;;;;;;;;;;;;;;;;;;;;;;;;;;;;;;;;;;;;;;;;;;;;;;;;
15;Gum & Candies;Chicles y caramelos;15;;;;;;;;;;;;;;;;;;;;;;;;;;;;;;;;;;;;;;;;;;;;;;;;;;;;;;;;
16;;Crema de leche, leche condensada;16;;;;;;;;;;;;;;;;;;;;;;;;;;;;;;;;;;;;;;;;;;;;;;;;;;;;;;;;
17;Tuna;Atún;17;;;;;;;;;;;;;;;;;;;;;;;;;;;;;;;;;;;;;;;;;;;;;;;;;;;;;;;;
18;Chocolate,Confectionery;Chocolate;18;;;;;;;;;;;;;;;;;;;;;;;;;;;;;;;;;;;;;;;;;;;;;;;;;;;;;;;;
19;Coffee ;Café ;19;;;;;;;;;;;;;;;;;;;;;;;;;;;;;;;;;;;;;;;;;;;;;;;;;;;;;;;;
20;;Bebidas en polvo con preparación;20;;;;;;;;;;;;;;;;;;;;;;;;;;;;;;;;;;;;;;;;;;;;;;;;;;;;;;;;
21;;Modificadores de Leche;21;;;;;;;;;;;;;;;;;;;;;;;;;;;;;;;;;;;;;;;;;;;;;;;;;;;;;;;;
22;;Formulas infantiles;22;;;;;;;;;;;;;;;;;;;;;;;;;;;;;;;;;;;;;;;;;;;;;;;;;;;;;;;;
23;;Lácteos para preparar;23;;;;;;;;;;;;;;;;;;;;;;;;;;;;;;;;;;;;;;;;;;;;;;;;;;;;;;;;
24;Condiments;Condimentos/Sazonadores;24;;;;;;;;;;;;;;;;;;;;;;;;;;;;;;;;;;;;;;;;;;;;;;;;;;;;;;;;
25;;Caldos en cubo;25;;;;;;;;;;;;;;;;;;;;;;;;;;;;;;;;;;;;;;;;;;;;;;;;;;;;;;;;
26;;Cremas Listas para preparar;26;;;;;;;;;;;;;;;;;;;;;;;;;;;;;;;;;;;;;;;;;;;;;;;;;;;;;;;;
27;Sauces;Salsas;27;;;;;;;;;;;;;;;;;;;;;;;;;;;;;;;;;;;;;;;;;;;;;;;;;;;;;;;;
28;Margarines;Margarinas;28;;;;;;;;;;;;;;;;;;;;;;;;;;;;;;;;;;;;;;;;;;;;;;;;;;;;;;;;
29;;Papel Higienico;29;;;;;;;;;;;;;;;;;;;;;;;;;;;;;;;;;;;;;;;;;;;;;;;;;;;;;;;;
30;;Otro;0;;;;;;;;;;;;;;;;;;;;;;;;;;;;;;;;;;;;;;;;;;;;;;;;;;;;;;;;
;;;;;;;;;;;;;;;;;;;;;;;;;;;;;;;;;;;;;;;;;;;;;;;;;;;;;;;;;;;
info de la SL;;;;;;;;;;;;;;;;;;;;;;;;;;;;;;;;;;;;;;;;;;;;;;;;;;;;;;;;;;;
;;;;;;;;;;;;;;;;;;;;;;;;;;;;;;;;;;;;;;;;;;;;;;;;;;;;;;;;;;;
;SL;;;;;;;;;;;;;;;;;;;;;;;;;;;;;;;;;;;;;;;;;;;;;;;;;;;;;;;;;;
;INNO;;;;;;;;;;;;;;;;;;;;;;;;;;;;;;;;;;;;;;;;;;;;;;;;;;;;;;;;;;
;CEX;;;;;;;;;;;;;;;;;;;;;;;;;;;;;;;;;;;;;;;;;;;;;;;;;;;;;;;;;;
;MSU;;;;;;;;;;;;;;;;;;;;;;;;;;;;;;;;;;;;;;;;;;;;;;;;;;;;;;;;;;
;HEC;;;;;;;;;;;;;;;;;;;;;;;;;;;;;;;;;;;;;;;;;;;;;;;;;;;;;;;;;;
;BHT;;;;;;;;;;;;;;;;;;;;;;;;;;;;;;;;;;;;;;;;;;;;;;;;;;;;;;;;;;
;PA;;;;;;;;;;;;;;;;;;;;;;;;;;;;;;;;;;;;;;;;;;;;;;;;;;;;;;;;;;
;UX;;;;;;;;;;;;;;;;;;;;;;;;;;;;;;;;;;;;;;;;;;;;;;;;;;;;;;;;;;
;CRE;;;;;;;;;;;;;;;;;;;;;;;;;;;;;;;;;;;;;;;;;;;;;;;;;;;;;;;;;;
;OBS;;;;;;;;;;;;;;;;;;;;;;;;;;;;;;;;;;;;;;;;;;;;;;;;;;;;;;;;;;
;Metodología;;;;;;;;;;;;;;;;;;;;;;;;;;;;;;;;;;;;;;;;;;;;;;;;;;;;;;;;;;
;;INNO;CEX;MSU;HEC;BHT;PA;UX;CRE; OBS ;;;;;;;;;;;;;;;;;;;;;;;;;;;;;;;;;;;;;;;;;;;;;;;;;
;;IPD001  Product Test;CXR001  CX Relationship;MSC003 - Market Structure;;BTI008 - Brand&Comms Track w. intg data;;;; Brand ;;;;;;;;;;;;;;;;;;;;;;;;;;;;;;;;;;;;;;;;;;;;;;;;;
;;ICI001  Custom Inno & Forecasting;CXR003  CX Relationship w/CX Forces;MSC005 - U&A;;BTT001 - Brand & Comms Tracking;;;;IPD001  Product Test;;;;;;;;;;;;;;;;;;;;;;;;;;;;;;;;;;;;;;;;;;;;;;;;;
;;INC002  Inno Line;CMY005  MS: Location;MSC007 - U&A - Templated;;BTT002 - Brand Tracking;;;;;;;;;;;;;;;;;;;;;;;;;;;;;;;;;;;;;;;;;;;;;;;;;;;;;
;;INC003  Inno Price;CMY007  MS: Onsite S&C Audits/BOPIS;MSC010 - Fast MSU;;BTT010 - Contextual Brand Tracking;;;;;;;;;;;;;;;;;;;;;;;;;;;;;;;;;;;;;;;;;;;;;;;;;;;;;
;;ICO006  InnoTest Manual;CXT009  CXM Transactional NonCXM;CSI002 - SI: Shopper Insights;;;;;;;;;;;;;;;;;;;;;;;;;;;;;;;;;;;;;;;;;;;;;;;;;;;;;;;
;;ICO005  Concept Test (Custom);CXA001  CEX Workshops;;;;;;;;;;;;;;;;;;;;;;;;;;;;;;;;;;;;;;;;;;;;;;;;;;;;;;;;
;;IPD003  CPT Concept/Product Test;CXT005  CXM Medallia;;;;;;;;;;;;;;;;;;;;;;;;;;;;;;;;;;;;;;;;;;;;;;;;;;;;;;;;
;;IPT001  Pack Test (Other);;;;;;;;;;;;;;;;;;;;;;;;;;;;;;;;;;;;;;;;;;;;;;;;;;;;;;;;;
;;ICI002  Fast Fact;;;;;;;;;;;;;;;;;;;;;;;;;;;;;;;;;;;;;;;;;;;;;;;;;;;;;;;;;
;;ICO009  Duel Custom;;;;;;;;;;;;;;;;;;;;;;;;;;;;;;;;;;;;;;;;;;;;;;;;;;;;;;;;;
;;ICO001  Concepts Legacy Offer;;;;;;;;;;;;;;;;;;;;;;;;;;;;;;;;;;;;;;;;;;;;;;;;;;;;;;;;;
;;ICO011  InnoTest IDP Only;;;;;;;;;;;;;;;;;;;;;;;;;;;;;;;;;;;;;;;;;;;;;;;;;;;;;;;;;
;;ICO010  Duel IDP ONLY;;;;;;;;;;;;;;;;;;;;;;;;;;;;;;;;;;;;;;;;;;;;;;;;;;;;;;;;;
;;INC005  Discrete Choice (Custom);;;;;;;;;;;;;;;;;;;;;;;;;;;;;;;;;;;;;;;;;;;;;;;;;;;;;;;;;
;;INV001  Vantis;;;;;;;;;;;;;;;;;;;;;;;;;;;;;;;;;;;;;;;;;;;;;;;;;;;;;;;;;
;;;;;;;;;;;;;;;;;;;;;;;;;;;;;;;;;;;;;;;;;;;;;;;;;;;;;;;;;;;
;;;;;;;;;;;;;;;;;;;;;;;;;;;;;;;;;;;;;;;;;;;;;;;;;;;;;;;;;;;
;;;;;;;;;;;;;;;;;;;;;;;;;;;;;;;;;;;;;;;;;;;;;;;;;;;;;;;;;;;
;IPD001  Product Test;1;;;;;;;;;;;;;;;;;;;;;;;;;;;;;;;;;;;;;;;;;;;;;;;;;;;;;;;;;
;ICI001  Custom Inno & Forecasting;0;;;;;;;;;;;;;;;;;;;;;;;;;;;;;;;;;;;;;;;;;;;;;;;;;;;;;;;;;
;INC002  Inno Line;0;;;;;;;;;;;;;;;;;;;;;;;;;;;;;;;;;;;;;;;;;;;;;;;;;;;;;;;;;
;INC003  Inno Price;0;;;;;;;;;;;;;;;;;;;;;;;;;;;;;;;;;;;;;;;;;;;;;;;;;;;;;;;;;
;ICO006  InnoTest Manual;0;;;;;;;;;;;;;;;;;;;;;;;;;;;;;;;;;;;;;;;;;;;;;;;;;;;;;;;;;
;ICO005  Concept Test (Custom);0;;;;;;;;;;;;;;;;;;;;;;;;;;;;;;;;;;;;;;;;;;;;;;;;;;;;;;;;;
;IPD003  CPT Concept/Product Test;0;;;;;;;;;;;;;;;;;;;;;;;;;;;;;;;;;;;;;;;;;;;;;;;;;;;;;;;;;
;IPT001  Pack Test (Other);0;;;;;;;;;;;;;;;;;;;;;;;;;;;;;;;;;;;;;;;;;;;;;;;;;;;;;;;;;
;ICI002  Fast Fact;0;;;;;;;;;;;;;;;;;;;;;;;;;;;;;;;;;;;;;;;;;;;;;;;;;;;;;;;;;
;ICO009  Duel Custom;0;;;;;;;;;;;;;;;;;;;;;;;;;;;;;;;;;;;;;;;;;;;;;;;;;;;;;;;;;
;ICO001  Concepts Legacy Offer;0;;;;;;;;;;;;;;;;;;;;;;;;;;;;;;;;;;;;;;;;;;;;;;;;;;;;;;;;;
;ICO011  InnoTest IDP Only;0;;;;;;;;;;;;;;;;;;;;;;;;;;;;;;;;;;;;;;;;;;;;;;;;;;;;;;;;;
;ICO010  Duel IDP ONLY;0;;;;;;;;;;;;;;;;;;;;;;;;;;;;;;;;;;;;;;;;;;;;;;;;;;;;;;;;;
;INC005  Discrete Choice (Custom);0;;;;;;;;;;;;;;;;;;;;;;;;;;;;;;;;;;;;;;;;;;;;;;;;;;;;;;;;;
;INV001  Vantis;0;;;;;;;;;;;;;;;;;;;;;;;;;;;;;;;;;;;;;;;;;;;;;;;;;;;;;;;;;
;CXR001  CX Relationship;0;;;;;;;;;;;;;;;;;;;;;;;;;;;;;;;;;;;;;;;;;;;;;;;;;;;;;;;;;
;CXR003  CX Relationship w/CX Forces;0;;;;;;;;;;;;;;;;;;;;;;;;;;;;;;;;;;;;;;;;;;;;;;;;;;;;;;;;;
;CMY005  MS: Location;0;;;;;;;;;;;;;;;;;;;;;;;;;;;;;;;;;;;;;;;;;;;;;;;;;;;;;;;;;
;CMY007  MS: Onsite S&C Audits/BOPIS;0;;;;;;;;;;;;;;;;;;;;;;;;;;;;;;;;;;;;;;;;;;;;;;;;;;;;;;;;;
;CXT009  CXM Transactional NonCXM;0;;;;;;;;;;;;;;;;;;;;;;;;;;;;;;;;;;;;;;;;;;;;;;;;;;;;;;;;;
;CXA001  CEX Workshops;0;;;;;;;;;;;;;;;;;;;;;;;;;;;;;;;;;;;;;;;;;;;;;;;;;;;;;;;;;
;CXT005  CXM Medallia;0;;;;;;;;;;;;;;;;;;;;;;;;;;;;;;;;;;;;;;;;;;;;;;;;;;;;;;;;;
;MSC003 - Market Structure;0;;;;;;;;;;;;;;;;;;;;;;;;;;;;;;;;;;;;;;;;;;;;;;;;;;;;;;;;;
;MSC005 - U&A;0;;;;;;;;;;;;;;;;;;;;;;;;;;;;;;;;;;;;;;;;;;;;;;;;;;;;;;;;;
;MSC007 - U&A - Templated;0;;;;;;;;;;;;;;;;;;;;;;;;;;;;;;;;;;;;;;;;;;;;;;;;;;;;;;;;;
;MSC010 - Fast MSU;0;;;;;;;;;;;;;;;;;;;;;;;;;;;;;;;;;;;;;;;;;;;;;;;;;;;;;;;;;
;CSI002 - SI: Shopper Insights;0;;;;;;;;;;;;;;;;;;;;;;;;;;;;;;;;;;;;;;;;;;;;;;;;;;;;;;;;;
;BTI008 - Brand&Comms Track w. intg data;0;;;;;;;;;;;;;;;;;;;;;;;;;;;;;;;;;;;;;;;;;;;;;;;;;;;;;;;;;
;BTT001 - Brand & Comms Tracking;0;;;;;;;;;;;;;;;;;;;;;;;;;;;;;;;;;;;;;;;;;;;;;;;;;;;;;;;;;
;BTT002 - Brand Tracking;0;;;;;;;;;;;;;;;;;;;;;;;;;;;;;;;;;;;;;;;;;;;;;;;;;;;;;;;;;
;BTT010 - Contextual Brand Tracking;0;;;;;;;;;;;;;;;;;;;;;;;;;;;;;;;;;;;;;;;;;;;;;;;;;;;;;;;;;
;;;;;;;;;;;;;;;;;;;;;;;;;;;;;;;;;;;;;;;;;;;;;;;;;;;;;;;;;;;
;;;;;;;;;;;;;;;;;;;;;;;;;;;;;;;;;;;;;;;;;;;;;;;;;;;;;;;;;;;
;;;;;;;;;;;;;;;;;;;;;;;;;;;;;;;;;;;;;;;;;;;;;;;;;;;;;;;;;;;
;;;;;;;;;;;;;;;;;;;;;;;;;;;;;;;;;;;;;;;;;;;;;;;;;;;;;;;;;;;
;;;;;;;;;;;;;;;;;;;;;;;;;;;;;;;;;;;;;;;;;;;;;;;;;;;;;;;;;;;
;;;;;;;;;;;;;;;;;;;;;;;;;;;;;;;;;;;;;;;;;;;;;;;;;;;;;;;;;;;
;;;;;;;;;;;;;;;;;;;;;;;;;;;;;;;;;;;;;;;;;;;;;;;;;;;;;;;;;;;
;;;;;;;;;;;;;;;;;;;;;;;;;;;;;;;;;;;;;;;;;;;;;;;;;;;;;;;;;;;
Clientes;;;;;;;;;;;;;;;;;;;;;;;;;;;;;;;;;;;;;;;;;;;;;;;;;;;;;;;;;;;
;ABBVIE S.A.S.;;;;;;;;;;;;;;;;;;;;;;;;;;;;;;;;;;;;;;;;;;;;;;;;;;;;;;;;;;
;AB INBEV;;;;;;;;;;;;;;;;;;;;;;;;;;;;;;;;;;;;;;;;;;;;;;;;;;;;;;;;;;
;ADMINISTRADORA PARQUE ARAUCO SAS;;;;;;;;;;;;;;;;;;;;;;;;;;;;;;;;;;;;;;;;;;;;;;;;;;;;;;;;;;
;AEROREPUBLICA S.A.;;;;;;;;;;;;;;;;;;;;;;;;;;;;;;;;;;;;;;;;;;;;;;;;;;;;;;;;;;
;AEROVIAS DEL CONTINENTE AMERICANO S.A. A;;;;;;;;;;;;;;;;;;;;;;;;;;;;;;;;;;;;;;;;;;;;;;;;;;;;;;;;;;
;AGUAS REGIONALES EPM S.A. E.S.P.;;;;;;;;;;;;;;;;;;;;;;;;;;;;;;;;;;;;;;;;;;;;;;;;;;;;;;;;;;
;ALCUBO PRODUCCIONES S.A.S;;;;;;;;;;;;;;;;;;;;;;;;;;;;;;;;;;;;;;;;;;;;;;;;;;;;;;;;;;
;ALCUBO PRODUCCIONES SAS;;;;;;;;;;;;;;;;;;;;;;;;;;;;;;;;;;;;;;;;;;;;;;;;;;;;;;;;;;
;ALEXION PHARMA COLOMBIA S.A.S.;;;;;;;;;;;;;;;;;;;;;;;;;;;;;;;;;;;;;;;;;;;;;;;;;;;;;;;;;;
;ALIMENTOS CARNICOS S.A.S.;;;;;;;;;;;;;;;;;;;;;;;;;;;;;;;;;;;;;;;;;;;;;;;;;;;;;;;;;;
;ALIMENTOS POLAR COLOMBIA S.A.S;;;;;;;;;;;;;;;;;;;;;;;;;;;;;;;;;;;;;;;;;;;;;;;;;;;;;;;;;;
;ALIMENTOS POLAR COMERCIAL, C.A.;;;;;;;;;;;;;;;;;;;;;;;;;;;;;;;;;;;;;;;;;;;;;;;;;;;;;;;;;;
;ALMACENES EXITO S A;;;;;;;;;;;;;;;;;;;;;;;;;;;;;;;;;;;;;;;;;;;;;;;;;;;;;;;;;;
;ALPINA PRODUCTOS ALIMENTICIOS S.A;;;;;;;;;;;;;;;;;;;;;;;;;;;;;;;;;;;;;;;;;;;;;;;;;;;;;;;;;;
;AMBER MARKETING RESEARCH, S.L.;;;;;;;;;;;;;;;;;;;;;;;;;;;;;;;;;;;;;;;;;;;;;;;;;;;;;;;;;;
;AMERICAS BUSSINES PROCESS SERVICES S.A;;;;;;;;;;;;;;;;;;;;;;;;;;;;;;;;;;;;;;;;;;;;;;;;;;;;;;;;;;
;ARCOS DORADOS ARGENTINA S.A.;;;;;;;;;;;;;;;;;;;;;;;;;;;;;;;;;;;;;;;;;;;;;;;;;;;;;;;;;;
;ARCOS DORADOS COLOMBIA S.A.S;;;;;;;;;;;;;;;;;;;;;;;;;;;;;;;;;;;;;;;;;;;;;;;;;;;;;;;;;;
;ARTICULOS DEPORTIVOS DECATHLON;;;;;;;;;;;;;;;;;;;;;;;;;;;;;;;;;;;;;;;;;;;;;;;;;;;;;;;;;;
;ASESORIAS CC SAS;;;;;;;;;;;;;;;;;;;;;;;;;;;;;;;;;;;;;;;;;;;;;;;;;;;;;;;;;;
;ASOCIACION COLOMBIANA DE AGENCIAS DE;;;;;;;;;;;;;;;;;;;;;;;;;;;;;;;;;;;;;;;;;;;;;;;;;;;;;;;;;;
;ASOCIACION DE EGRESADOS DE LA;;;;;;;;;;;;;;;;;;;;;;;;;;;;;;;;;;;;;;;;;;;;;;;;;;;;;;;;;;
;ASTELLAS FARMA COLOMBIA S A S;;;;;;;;;;;;;;;;;;;;;;;;;;;;;;;;;;;;;;;;;;;;;;;;;;;;;;;;;;
;ASTRAZENECA COLOMBIA SAS;;;;;;;;;;;;;;;;;;;;;;;;;;;;;;;;;;;;;;;;;;;;;;;;;;;;;;;;;;
;AVIANCA PERÚ S.A.;;;;;;;;;;;;;;;;;;;;;;;;;;;;;;;;;;;;;;;;;;;;;;;;;;;;;;;;;;
;AVON COLOMBIA S.A.S;;;;;;;;;;;;;;;;;;;;;;;;;;;;;;;;;;;;;;;;;;;;;;;;;;;;;;;;;;
;BANCO AGRARIO;;;;;;;;;;;;;;;;;;;;;;;;;;;;;;;;;;;;;;;;;;;;;;;;;;;;;;;;;;
;BANCO AGRARIO DE COLOMBIA;;;;;;;;;;;;;;;;;;;;;;;;;;;;;;;;;;;;;;;;;;;;;;;;;;;;;;;;;;
;BANCO AGROMERCANTIL DE GUATEMALA, S.A.;;;;;;;;;;;;;;;;;;;;;;;;;;;;;;;;;;;;;;;;;;;;;;;;;;;;;;;;;;
;BANCO DAVIVIENDA S.A.;;;;;;;;;;;;;;;;;;;;;;;;;;;;;;;;;;;;;;;;;;;;;;;;;;;;;;;;;;
;BANCO INTERAMERICANO DE DESARROLLO;;;;;;;;;;;;;;;;;;;;;;;;;;;;;;;;;;;;;;;;;;;;;;;;;;;;;;;;;;
;BANCO MUNDIAL;;;;;;;;;;;;;;;;;;;;;;;;;;;;;;;;;;;;;;;;;;;;;;;;;;;;;;;;;;
;BANCOLOMBIA S.A.;;;;;;;;;;;;;;;;;;;;;;;;;;;;;;;;;;;;;;;;;;;;;;;;;;;;;;;;;;
;BAVARIA & CIA SCA;;;;;;;;;;;;;;;;;;;;;;;;;;;;;;;;;;;;;;;;;;;;;;;;;;;;;;;;;;
;BAXALTA COLOMBIA S.A.S.;;;;;;;;;;;;;;;;;;;;;;;;;;;;;;;;;;;;;;;;;;;;;;;;;;;;;;;;;;
;BAYER S A;;;;;;;;;;;;;;;;;;;;;;;;;;;;;;;;;;;;;;;;;;;;;;;;;;;;;;;;;;
;BECTON DICKINSON DE COLOMBIA LTDA;;;;;;;;;;;;;;;;;;;;;;;;;;;;;;;;;;;;;;;;;;;;;;;;;;;;;;;;;;
;BEL STAR S.A.;;;;;;;;;;;;;;;;;;;;;;;;;;;;;;;;;;;;;;;;;;;;;;;;;;;;;;;;;;
;BEVERAGE PARTNERS WORLDWIDE *INACTIVE*;;;;;;;;;;;;;;;;;;;;;;;;;;;;;;;;;;;;;;;;;;;;;;;;;;;;;;;;;;
;BHT BRAZIL;;;;;;;;;;;;;;;;;;;;;;;;;;;;;;;;;;;;;;;;;;;;;;;;;;;;;;;;;;
;BHT CHILE;;;;;;;;;;;;;;;;;;;;;;;;;;;;;;;;;;;;;;;;;;;;;;;;;;;;;;;;;;
;BHT COLOMBIA 2;;;;;;;;;;;;;;;;;;;;;;;;;;;;;;;;;;;;;;;;;;;;;;;;;;;;;;;;;;
;BHT MEXICO;;;;;;;;;;;;;;;;;;;;;;;;;;;;;;;;;;;;;;;;;;;;;;;;;;;;;;;;;;
;BHT PERU;;;;;;;;;;;;;;;;;;;;;;;;;;;;;;;;;;;;;;;;;;;;;;;;;;;;;;;;;;
;BIIB COLOMBIA S.A.S;;;;;;;;;;;;;;;;;;;;;;;;;;;;;;;;;;;;;;;;;;;;;;;;;;;;;;;;;;
;BIOTOSCANA;;;;;;;;;;;;;;;;;;;;;;;;;;;;;;;;;;;;;;;;;;;;;;;;;;;;;;;;;;
;BOEHRINGER INGELHEIM S.A.;;;;;;;;;;;;;;;;;;;;;;;;;;;;;;;;;;;;;;;;;;;;;;;;;;;;;;;;;;
;BOGOTA DISTRITO CAPITAL;;;;;;;;;;;;;;;;;;;;;;;;;;;;;;;;;;;;;;;;;;;;;;;;;;;;;;;;;;
;BOLSA DE VALORES DE COLOMBIA SA;;;;;;;;;;;;;;;;;;;;;;;;;;;;;;;;;;;;;;;;;;;;;;;;;;;;;;;;;;
;BOSTON SCIENTIFIC COLOMBIA LIMITADA;;;;;;;;;;;;;;;;;;;;;;;;;;;;;;;;;;;;;;;;;;;;;;;;;;;;;;;;;;
;BRISTOL MYERS SQUIBB DE COLOMBIA S.A;;;;;;;;;;;;;;;;;;;;;;;;;;;;;;;;;;;;;;;;;;;;;;;;;;;;;;;;;;
;BSN MEDICAL LIMITADA;;;;;;;;;;;;;;;;;;;;;;;;;;;;;;;;;;;;;;;;;;;;;;;;;;;;;;;;;;
;BUSINESS CONSULTING;;;;;;;;;;;;;;;;;;;;;;;;;;;;;;;;;;;;;;;;;;;;;;;;;;;;;;;;;;
;CABLES DE ENERGIA Y DE TELECOMUNICACIONE;;;;;;;;;;;;;;;;;;;;;;;;;;;;;;;;;;;;;;;;;;;;;;;;;;;;;;;;;;
;CAJA COLOMBIANA DE SUBSIDIO COLSUBSIDIO;;;;;;;;;;;;;;;;;;;;;;;;;;;;;;;;;;;;;;;;;;;;;;;;;;;;;;;;;;
;CARACOL TELEVISION S.A;;;;;;;;;;;;;;;;;;;;;;;;;;;;;;;;;;;;;;;;;;;;;;;;;;;;;;;;;;
;CARDIF COLOMBIA SEGUROS GENERALES S.A.;;;;;;;;;;;;;;;;;;;;;;;;;;;;;;;;;;;;;;;;;;;;;;;;;;;;;;;;;;
;CARGILL DE COLOMBIA LTDA;;;;;;;;;;;;;;;;;;;;;;;;;;;;;;;;;;;;;;;;;;;;;;;;;;;;;;;;;;
;CARGILL DE HONDURAS S. DE RL;;;;;;;;;;;;;;;;;;;;;;;;;;;;;;;;;;;;;;;;;;;;;;;;;;;;;;;;;;
;CARGILL DE NICARAGUA, S.A.;;;;;;;;;;;;;;;;;;;;;;;;;;;;;;;;;;;;;;;;;;;;;;;;;;;;;;;;;;
;CARIBEMAR DE LA COSTA SAS ESP;;;;;;;;;;;;;;;;;;;;;;;;;;;;;;;;;;;;;;;;;;;;;;;;;;;;;;;;;;
;CASA DE BOLSA S.A;;;;;;;;;;;;;;;;;;;;;;;;;;;;;;;;;;;;;;;;;;;;;;;;;;;;;;;;;;
;CASTROL CARIBBEAN AND CENTRAL AMERICA IN;;;;;;;;;;;;;;;;;;;;;;;;;;;;;;;;;;;;;;;;;;;;;;;;;;;;;;;;;;
;CASTROL COLOMBIA LTDA;;;;;;;;;;;;;;;;;;;;;;;;;;;;;;;;;;;;;;;;;;;;;;;;;;;;;;;;;;
;CEI M ICCL;;;;;;;;;;;;;;;;;;;;;;;;;;;;;;;;;;;;;;;;;;;;;;;;;;;;;;;;;;
;CEMENTOS ARGOS S.A.;;;;;;;;;;;;;;;;;;;;;;;;;;;;;;;;;;;;;;;;;;;;;;;;;;;;;;;;;;
;CENCOSUD COLOMBIA S.A.;;;;;;;;;;;;;;;;;;;;;;;;;;;;;;;;;;;;;;;;;;;;;;;;;;;;;;;;;;
;CENTER INTERNATIONAL PRIVATE ENTERPRISE;;;;;;;;;;;;;;;;;;;;;;;;;;;;;;;;;;;;;;;;;;;;;;;;;;;;;;;;;;
;CENTRAL CERVECERA DE COLOMBIA S.A.S.;;;;;;;;;;;;;;;;;;;;;;;;;;;;;;;;;;;;;;;;;;;;;;;;;;;;;;;;;;
;CENTRAL HIDROELECTRICA DE CALDAS SA ESP;;;;;;;;;;;;;;;;;;;;;;;;;;;;;;;;;;;;;;;;;;;;;;;;;;;;;;;;;;
;CENTRALES ELÉCTRICAS DEL NORTE DE SANTAN;;;;;;;;;;;;;;;;;;;;;;;;;;;;;;;;;;;;;;;;;;;;;;;;;;;;;;;;;;
;CEX ARGENTINA;;;;;;;;;;;;;;;;;;;;;;;;;;;;;;;;;;;;;;;;;;;;;;;;;;;;;;;;;;
;CEX COLOMBIA;;;;;;;;;;;;;;;;;;;;;;;;;;;;;;;;;;;;;;;;;;;;;;;;;;;;;;;;;;
;CEX MEXICO;;;;;;;;;;;;;;;;;;;;;;;;;;;;;;;;;;;;;;;;;;;;;;;;;;;;;;;;;;
;CHALLENGER S A S;;;;;;;;;;;;;;;;;;;;;;;;;;;;;;;;;;;;;;;;;;;;;;;;;;;;;;;;;;
;CHEMONICS INTERNATIONAL INC.-USA;;;;;;;;;;;;;;;;;;;;;;;;;;;;;;;;;;;;;;;;;;;;;;;;;;;;;;;;;;
;CIMENTO INMUEBLES COMERCIALES S.A.S;;;;;;;;;;;;;;;;;;;;;;;;;;;;;;;;;;;;;;;;;;;;;;;;;;;;;;;;;;
;CKR ICCL;;;;;;;;;;;;;;;;;;;;;;;;;;;;;;;;;;;;;;;;;;;;;;;;;;;;;;;;;;
;COCA COLA SERVICIOS DE COLOMBIA SA;;;;;;;;;;;;;;;;;;;;;;;;;;;;;;;;;;;;;;;;;;;;;;;;;;;;;;;;;;
;COCA-COLA BEBIDAS DE COLOMBIA S.A;;;;;;;;;;;;;;;;;;;;;;;;;;;;;;;;;;;;;;;;;;;;;;;;;;;;;;;;;;
;COCA-COLA INDUSTRIAS LTDA;;;;;;;;;;;;;;;;;;;;;;;;;;;;;;;;;;;;;;;;;;;;;;;;;;;;;;;;;;
;COCA-COLA LTD.;;;;;;;;;;;;;;;;;;;;;;;;;;;;;;;;;;;;;;;;;;;;;;;;;;;;;;;;;;
;COKE BEACH PROGRAM;;;;;;;;;;;;;;;;;;;;;;;;;;;;;;;;;;;;;;;;;;;;;;;;;;;;;;;;;;
;COLGATE PALMOLIVE COMPAÑIA;;;;;;;;;;;;;;;;;;;;;;;;;;;;;;;;;;;;;;;;;;;;;;;;;;;;;;;;;;
;COLGATE PALMOLIVE PERU S.A.;;;;;;;;;;;;;;;;;;;;;;;;;;;;;;;;;;;;;;;;;;;;;;;;;;;;;;;;;;
;COLOMBIA MOVIL S.A. ESP;;;;;;;;;;;;;;;;;;;;;;;;;;;;;;;;;;;;;;;;;;;;;;;;;;;;;;;;;;
;COLOMBIANA DE COMERCIO S.A.;;;;;;;;;;;;;;;;;;;;;;;;;;;;;;;;;;;;;;;;;;;;;;;;;;;;;;;;;;
;COLOMBIANA KIMBERLY COLPAPEL S.A.S;;;;;;;;;;;;;;;;;;;;;;;;;;;;;;;;;;;;;;;;;;;;;;;;;;;;;;;;;;
;COLOMBINA S.A.;;;;;;;;;;;;;;;;;;;;;;;;;;;;;;;;;;;;;;;;;;;;;;;;;;;;;;;;;;
;COLTABACO,S.A.S.;;;;;;;;;;;;;;;;;;;;;;;;;;;;;;;;;;;;;;;;;;;;;;;;;;;;;;;;;;
;COMERCIAL NUTRESA S.A.S;;;;;;;;;;;;;;;;;;;;;;;;;;;;;;;;;;;;;;;;;;;;;;;;;;;;;;;;;;
;COMITE INTERNACIONAL DE LA CRUZ ROJA;;;;;;;;;;;;;;;;;;;;;;;;;;;;;;;;;;;;;;;;;;;;;;;;;;;;;;;;;;
;COMPAÑIA COLOMBIANA DE TABACO S.A.S.;;;;;;;;;;;;;;;;;;;;;;;;;;;;;;;;;;;;;;;;;;;;;;;;;;;;;;;;;;
;COMPAÑIA DE SEGUROS DE VIDA COLMENA S.A;;;;;;;;;;;;;;;;;;;;;;;;;;;;;;;;;;;;;;;;;;;;;;;;;;;;;;;;;;
;COMPAÑIA NACIONAL DE CHOCOLATES DE PERU;;;;;;;;;;;;;;;;;;;;;;;;;;;;;;;;;;;;;;;;;;;;;;;;;;;;;;;;;;
;COMPAÑÍA NACIONAL DE CHOCOLATES S.A;;;;;;;;;;;;;;;;;;;;;;;;;;;;;;;;;;;;;;;;;;;;;;;;;;;;;;;;;;
;COMUNICACION CELULAR S A COMCEL S A;;;;;;;;;;;;;;;;;;;;;;;;;;;;;;;;;;;;;;;;;;;;;;;;;;;;;;;;;;
;CONGELADOS AGRICOLAS S.A.;;;;;;;;;;;;;;;;;;;;;;;;;;;;;;;;;;;;;;;;;;;;;;;;;;;;;;;;;;
;CONSORCIO GEOMETRY / GREY AGENCIA CREATI;;;;;;;;;;;;;;;;;;;;;;;;;;;;;;;;;;;;;;;;;;;;;;;;;;;;;;;;;;
;CONSTRUCTORA BOLIVAR S.A.;;;;;;;;;;;;;;;;;;;;;;;;;;;;;;;;;;;;;;;;;;;;;;;;;;;;;;;;;;
;CORPORACION ANDINA DE FOMENTO;;;;;;;;;;;;;;;;;;;;;;;;;;;;;;;;;;;;;;;;;;;;;;;;;;;;;;;;;;
;CORPORACION MALOKA DE CIENCIA, TECNOLOGI;;;;;;;;;;;;;;;;;;;;;;;;;;;;;;;;;;;;;;;;;;;;;;;;;;;;;;;;;;
;CORPORACION PIPASA S.R.L;;;;;;;;;;;;;;;;;;;;;;;;;;;;;;;;;;;;;;;;;;;;;;;;;;;;;;;;;;
;CORPORATE REP ARGENTINA;;;;;;;;;;;;;;;;;;;;;;;;;;;;;;;;;;;;;;;;;;;;;;;;;;;;;;;;;;
;CORPORATE REPUTATION MEXICO;;;;;;;;;;;;;;;;;;;;;;;;;;;;;;;;;;;;;;;;;;;;;;;;;;;;;;;;;;
;COST ONLY;;;;;;;;;;;;;;;;;;;;;;;;;;;;;;;;;;;;;;;;;;;;;;;;;;;;;;;;;;
;CREATIVE EXCELLENCE COLOMBIA;;;;;;;;;;;;;;;;;;;;;;;;;;;;;;;;;;;;;;;;;;;;;;;;;;;;;;;;;;
;CRYSTAL S.A.S.;;;;;;;;;;;;;;;;;;;;;;;;;;;;;;;;;;;;;;;;;;;;;;;;;;;;;;;;;;
;CUEROS VELEZ SAS;;;;;;;;;;;;;;;;;;;;;;;;;;;;;;;;;;;;;;;;;;;;;;;;;;;;;;;;;;
;CUSTOM UK;;;;;;;;;;;;;;;;;;;;;;;;;;;;;;;;;;;;;;;;;;;;;;;;;;;;;;;;;;
;CUSTOMER EXPERIENCE BELGIUM;;;;;;;;;;;;;;;;;;;;;;;;;;;;;;;;;;;;;;;;;;;;;;;;;;;;;;;;;;
;DANONE BABY NUTRITION COLOMBIA S.A.S.;;;;;;;;;;;;;;;;;;;;;;;;;;;;;;;;;;;;;;;;;;;;;;;;;;;;;;;;;;
;DASA DE COLOMBIA S.A.S;;;;;;;;;;;;;;;;;;;;;;;;;;;;;;;;;;;;;;;;;;;;;;;;;;;;;;;;;;
;DDB WORLDWIDE COLOMBIA S.A.;;;;;;;;;;;;;;;;;;;;;;;;;;;;;;;;;;;;;;;;;;;;;;;;;;;;;;;;;;
;DECATHLON CHILE SPA;;;;;;;;;;;;;;;;;;;;;;;;;;;;;;;;;;;;;;;;;;;;;;;;;;;;;;;;;;
;DECATHLON COLOMBIA SAS;;;;;;;;;;;;;;;;;;;;;;;;;;;;;;;;;;;;;;;;;;;;;;;;;;;;;;;;;;
;DEPARTAMENTO NACIONAL DE PLANEACION;;;;;;;;;;;;;;;;;;;;;;;;;;;;;;;;;;;;;;;;;;;;;;;;;;;;;;;;;;
;DEPOSITO CENTRALIZADO DE VALORES;;;;;;;;;;;;;;;;;;;;;;;;;;;;;;;;;;;;;;;;;;;;;;;;;;;;;;;;;;
;DIDI;;;;;;;;;;;;;;;;;;;;;;;;;;;;;;;;;;;;;;;;;;;;;;;;;;;;;;;;;;
;DISCURRAMBA S.A.S.;;;;;;;;;;;;;;;;;;;;;;;;;;;;;;;;;;;;;;;;;;;;;;;;;;;;;;;;;;
;DISTANCO S.A.S.;;;;;;;;;;;;;;;;;;;;;;;;;;;;;;;;;;;;;;;;;;;;;;;;;;;;;;;;;;
;EDENRED MEXICO S.A DE C.V;;;;;;;;;;;;;;;;;;;;;;;;;;;;;;;;;;;;;;;;;;;;;;;;;;;;;;;;;;
;EDUARDO BOTERO SOTO S.A.;;;;;;;;;;;;;;;;;;;;;;;;;;;;;;;;;;;;;;;;;;;;;;;;;;;;;;;;;;
;ELECTRIFICADORA DE SANTANDER S.A.;;;;;;;;;;;;;;;;;;;;;;;;;;;;;;;;;;;;;;;;;;;;;;;;;;;;;;;;;;
;ELI LILLY INTERAMERICA INC.;;;;;;;;;;;;;;;;;;;;;;;;;;;;;;;;;;;;;;;;;;;;;;;;;;;;;;;;;;
;EMBAJADA DE SUECIA;;;;;;;;;;;;;;;;;;;;;;;;;;;;;;;;;;;;;;;;;;;;;;;;;;;;;;;;;;
;EMERGING RESEARCH UK;;;;;;;;;;;;;;;;;;;;;;;;;;;;;;;;;;;;;;;;;;;;;;;;;;;;;;;;;;
;EMPRESA DE AGUAS DEL ORIENTE ANTIOQUEÑO;;;;;;;;;;;;;;;;;;;;;;;;;;;;;;;;;;;;;;;;;;;;;;;;;;;;;;;;;;
;EMPRESA DE ENERGIA DEL QUINDIO SA ESP;;;;;;;;;;;;;;;;;;;;;;;;;;;;;;;;;;;;;;;;;;;;;;;;;;;;;;;;;;
;EMPRESAS POLAR;;;;;;;;;;;;;;;;;;;;;;;;;;;;;;;;;;;;;;;;;;;;;;;;;;;;;;;;;;
;EMPRESAS PUBLICAS DE MEDELLIN E.S.P;;;;;;;;;;;;;;;;;;;;;;;;;;;;;;;;;;;;;;;;;;;;;;;;;;;;;;;;;;
;EMPRESAS VARIAS DE MEDELLIN S.A E.S.P;;;;;;;;;;;;;;;;;;;;;;;;;;;;;;;;;;;;;;;;;;;;;;;;;;;;;;;;;;
;ENSA;;;;;;;;;;;;;;;;;;;;;;;;;;;;;;;;;;;;;;;;;;;;;;;;;;;;;;;;;;
;FÁBRICA DE LICORES DE ANTIOQUIA;;;;;;;;;;;;;;;;;;;;;;;;;;;;;;;;;;;;;;;;;;;;;;;;;;;;;;;;;;
;FARMA DE COLOMBIA S.A.S;;;;;;;;;;;;;;;;;;;;;;;;;;;;;;;;;;;;;;;;;;;;;;;;;;;;;;;;;;
;FERRERO LADM ANDEAN REGION;;;;;;;;;;;;;;;;;;;;;;;;;;;;;;;;;;;;;;;;;;;;;;;;;;;;;;;;;;
;FERRERO LATIN AMERICA DEVELOPING MARKETS;;;;;;;;;;;;;;;;;;;;;;;;;;;;;;;;;;;;;;;;;;;;;;;;;;;;;;;;;;
;FIDUCIARIA BANCOLOMBIA;;;;;;;;;;;;;;;;;;;;;;;;;;;;;;;;;;;;;;;;;;;;;;;;;;;;;;;;;;
;FILTROS PARTMO S.A.S.;;;;;;;;;;;;;;;;;;;;;;;;;;;;;;;;;;;;;;;;;;;;;;;;;;;;;;;;;;
;FINANCIERA DE DESARROLLO NACIONAL S.A.;;;;;;;;;;;;;;;;;;;;;;;;;;;;;;;;;;;;;;;;;;;;;;;;;;;;;;;;;;
;FINANCIERA DE DESARROLLO TERRITORIAL SA;;;;;;;;;;;;;;;;;;;;;;;;;;;;;;;;;;;;;;;;;;;;;;;;;;;;;;;;;;
;FONDO DE EMPLEADOS DE EMPRESAS;;;;;;;;;;;;;;;;;;;;;;;;;;;;;;;;;;;;;;;;;;;;;;;;;;;;;;;;;;
;FONDO DE EMPLEADOS DE GRUPO ARGOS Y FILI;;;;;;;;;;;;;;;;;;;;;;;;;;;;;;;;;;;;;;;;;;;;;;;;;;;;;;;;;;
;FONDO DE LAS NACIONES UNIDAS PARA LA;;;;;;;;;;;;;;;;;;;;;;;;;;;;;;;;;;;;;;;;;;;;;;;;;;;;;;;;;;
;FRITOLAY COLOMBIA LTDA.;;;;;;;;;;;;;;;;;;;;;;;;;;;;;;;;;;;;;;;;;;;;;;;;;;;;;;;;;;
;FUNDACION JORGE OTERO DE FRANCISCO Y MAR;;;;;;;;;;;;;;;;;;;;;;;;;;;;;;;;;;;;;;;;;;;;;;;;;;;;;;;;;;
;FUNDACION ORIGEN;;;;;;;;;;;;;;;;;;;;;;;;;;;;;;;;;;;;;;;;;;;;;;;;;;;;;;;;;;
;FUNDACION PROMIGAS;;;;;;;;;;;;;;;;;;;;;;;;;;;;;;;;;;;;;;;;;;;;;;;;;;;;;;;;;;
;FUNDACION SANTA FE DE BOGOTA;;;;;;;;;;;;;;;;;;;;;;;;;;;;;;;;;;;;;;;;;;;;;;;;;;;;;;;;;;
;GASTRONOMIA ITALIANA EN COLOMBIA S.A.S.;;;;;;;;;;;;;;;;;;;;;;;;;;;;;;;;;;;;;;;;;;;;;;;;;;;;;;;;;;
;GB QUAL;;;;;;;;;;;;;;;;;;;;;;;;;;;;;;;;;;;;;;;;;;;;;;;;;;;;;;;;;;
;GECELCA SA ESP;;;;;;;;;;;;;;;;;;;;;;;;;;;;;;;;;;;;;;;;;;;;;;;;;;;;;;;;;;
;GENERAL MOTORS COLMOTORES SA;;;;;;;;;;;;;;;;;;;;;;;;;;;;;;;;;;;;;;;;;;;;;;;;;;;;;;;;;;
;GENFAR S.A;;;;;;;;;;;;;;;;;;;;;;;;;;;;;;;;;;;;;;;;;;;;;;;;;;;;;;;;;;
;GILEAD;;;;;;;;;;;;;;;;;;;;;;;;;;;;;;;;;;;;;;;;;;;;;;;;;;;;;;;;;;
;GILEAD SCIENCES COLOMBIA S.A.S.;;;;;;;;;;;;;;;;;;;;;;;;;;;;;;;;;;;;;;;;;;;;;;;;;;;;;;;;;;
;GILEAD SCIENCES FARMACEUTICA DO BRASIL L;;;;;;;;;;;;;;;;;;;;;;;;;;;;;;;;;;;;;;;;;;;;;;;;;;;;;;;;;;
;GLAXOSMITHKLINE BRASIL LTDA;;;;;;;;;;;;;;;;;;;;;;;;;;;;;;;;;;;;;;;;;;;;;;;;;;;;;;;;;;
;GLAXOSMITHKLINE BRASIL PRODUTOS PARA CON;;;;;;;;;;;;;;;;;;;;;;;;;;;;;;;;;;;;;;;;;;;;;;;;;;;;;;;;;;
;GLAXOSMITHKLINE COLOMBIA S.A.;;;;;;;;;;;;;;;;;;;;;;;;;;;;;;;;;;;;;;;;;;;;;;;;;;;;;;;;;;
;GLOBAL WINE & SPIRITS S.A.S;;;;;;;;;;;;;;;;;;;;;;;;;;;;;;;;;;;;;;;;;;;;;;;;;;;;;;;;;;
;GOOGLE MEXICO S DE RL DE CV;;;;;;;;;;;;;;;;;;;;;;;;;;;;;;;;;;;;;;;;;;;;;;;;;;;;;;;;;;
;GRUNENTHAL COLOMBIANA S.A.;;;;;;;;;;;;;;;;;;;;;;;;;;;;;;;;;;;;;;;;;;;;;;;;;;;;;;;;;;
;GRUPO CBC SA;;;;;;;;;;;;;;;;;;;;;;;;;;;;;;;;;;;;;;;;;;;;;;;;;;;;;;;;;;
;GRUPO DE INVERSIONES SURAMERICANA S.A.;;;;;;;;;;;;;;;;;;;;;;;;;;;;;;;;;;;;;;;;;;;;;;;;;;;;;;;;;;
;GRUPO OKANA SAS;;;;;;;;;;;;;;;;;;;;;;;;;;;;;;;;;;;;;;;;;;;;;;;;;;;;;;;;;;
;HALEON COLOMBIA S.A.S.;;;;;;;;;;;;;;;;;;;;;;;;;;;;;;;;;;;;;;;;;;;;;;;;;;;;;;;;;;
;HARINERA DEL VALLE SA;;;;;;;;;;;;;;;;;;;;;;;;;;;;;;;;;;;;;;;;;;;;;;;;;;;;;;;;;;
;HEALTH CUSTOM;;;;;;;;;;;;;;;;;;;;;;;;;;;;;;;;;;;;;;;;;;;;;;;;;;;;;;;;;;
;HEALTH MEXICO;;;;;;;;;;;;;;;;;;;;;;;;;;;;;;;;;;;;;;;;;;;;;;;;;;;;;;;;;;
;HEALTHCARE;;;;;;;;;;;;;;;;;;;;;;;;;;;;;;;;;;;;;;;;;;;;;;;;;;;;;;;;;;
;HEALTHCARE ARGENTINA;;;;;;;;;;;;;;;;;;;;;;;;;;;;;;;;;;;;;;;;;;;;;;;;;;;;;;;;;;
;HEALTHCARE COLOMBIA;;;;;;;;;;;;;;;;;;;;;;;;;;;;;;;;;;;;;;;;;;;;;;;;;;;;;;;;;;
;HEALTHCARE SWEDEN;;;;;;;;;;;;;;;;;;;;;;;;;;;;;;;;;;;;;;;;;;;;;;;;;;;;;;;;;;
;HEINZ PANAMA S.A.;;;;;;;;;;;;;;;;;;;;;;;;;;;;;;;;;;;;;;;;;;;;;;;;;;;;;;;;;;
;HYUNDAI MOTOR GROUP;;;;;;;;;;;;;;;;;;;;;;;;;;;;;;;;;;;;;;;;;;;;;;;;;;;;;;;;;;
;I SHOP COLOMBIA SAS;;;;;;;;;;;;;;;;;;;;;;;;;;;;;;;;;;;;;;;;;;;;;;;;;;;;;;;;;;
;IDP INTERNAL / DEMO / PILOT;;;;;;;;;;;;;;;;;;;;;;;;;;;;;;;;;;;;;;;;;;;;;;;;;;;;;;;;;;
;IFF COLOMBIA S.A.S.;;;;;;;;;;;;;;;;;;;;;;;;;;;;;;;;;;;;;;;;;;;;;;;;;;;;;;;;;;
;IKSO SAS;;;;;;;;;;;;;;;;;;;;;;;;;;;;;;;;;;;;;;;;;;;;;;;;;;;;;;;;;;
;INDECO S.A;;;;;;;;;;;;;;;;;;;;;;;;;;;;;;;;;;;;;;;;;;;;;;;;;;;;;;;;;;
;INDUSTRIA NACIONAL DE GASEOSAS S.A.;;;;;;;;;;;;;;;;;;;;;;;;;;;;;;;;;;;;;;;;;;;;;;;;;;;;;;;;;;
;INDUSTRIAS HACEB S.A;;;;;;;;;;;;;;;;;;;;;;;;;;;;;;;;;;;;;;;;;;;;;;;;;;;;;;;;;;
;INMOVILIARIA LA COLINA ARAUCO S.A.S;;;;;;;;;;;;;;;;;;;;;;;;;;;;;;;;;;;;;;;;;;;;;;;;;;;;;;;;;;
;INN BRAZIL;;;;;;;;;;;;;;;;;;;;;;;;;;;;;;;;;;;;;;;;;;;;;;;;;;;;;;;;;;
;INN ITALY;;;;;;;;;;;;;;;;;;;;;;;;;;;;;;;;;;;;;;;;;;;;;;;;;;;;;;;;;;
;INN MEXICO;;;;;;;;;;;;;;;;;;;;;;;;;;;;;;;;;;;;;;;;;;;;;;;;;;;;;;;;;;
;INNOVATION;;;;;;;;;;;;;;;;;;;;;;;;;;;;;;;;;;;;;;;;;;;;;;;;;;;;;;;;;;
;INNOVATION ARGENTINA;;;;;;;;;;;;;;;;;;;;;;;;;;;;;;;;;;;;;;;;;;;;;;;;;;;;;;;;;;
;INNOVATION COLOMBIA;;;;;;;;;;;;;;;;;;;;;;;;;;;;;;;;;;;;;;;;;;;;;;;;;;;;;;;;;;
;INNOVATION PERU;;;;;;;;;;;;;;;;;;;;;;;;;;;;;;;;;;;;;;;;;;;;;;;;;;;;;;;;;;
;INSTITUTO DE INVESTIGACION DE RECURSOS B;;;;;;;;;;;;;;;;;;;;;;;;;;;;;;;;;;;;;;;;;;;;;;;;;;;;;;;;;;
;IPSOS SA;;;;;;;;;;;;;;;;;;;;;;;;;;;;;;;;;;;;;;;;;;;;;;;;;;;;;;;;;;
;IPSOS UU;;;;;;;;;;;;;;;;;;;;;;;;;;;;;;;;;;;;;;;;;;;;;;;;;;;;;;;;;;
;IPSOS UU MEXICO;;;;;;;;;;;;;;;;;;;;;;;;;;;;;;;;;;;;;;;;;;;;;;;;;;;;;;;;;;
;ISRI UK 02010;;;;;;;;;;;;;;;;;;;;;;;;;;;;;;;;;;;;;;;;;;;;;;;;;;;;;;;;;;
;IUU CANADA PA;;;;;;;;;;;;;;;;;;;;;;;;;;;;;;;;;;;;;;;;;;;;;;;;;;;;;;;;;;
;IUU COLOMBIA;;;;;;;;;;;;;;;;;;;;;;;;;;;;;;;;;;;;;;;;;;;;;;;;;;;;;;;;;;
;IUU ECUADOR;;;;;;;;;;;;;;;;;;;;;;;;;;;;;;;;;;;;;;;;;;;;;;;;;;;;;;;;;;
;IUU PERU;;;;;;;;;;;;;;;;;;;;;;;;;;;;;;;;;;;;;;;;;;;;;;;;;;;;;;;;;;
;IUU SG;;;;;;;;;;;;;;;;;;;;;;;;;;;;;;;;;;;;;;;;;;;;;;;;;;;;;;;;;;
;JANSSEN CILAG S.A.;;;;;;;;;;;;;;;;;;;;;;;;;;;;;;;;;;;;;;;;;;;;;;;;;;;;;;;;;;
;KELLOGG DE COLOMBIA S A;;;;;;;;;;;;;;;;;;;;;;;;;;;;;;;;;;;;;;;;;;;;;;;;;;;;;;;;;;
;KRAFT FOODS COLOMBIA LTDA;;;;;;;;;;;;;;;;;;;;;;;;;;;;;;;;;;;;;;;;;;;;;;;;;;;;;;;;;;
;LABORATORIO FRANCO COLOMBIANO LAFRANCOL;;;;;;;;;;;;;;;;;;;;;;;;;;;;;;;;;;;;;;;;;;;;;;;;;;;;;;;;;;
;LABORATORIOS SOPHIA DE COLOMBIA LTDA;;;;;;;;;;;;;;;;;;;;;;;;;;;;;;;;;;;;;;;;;;;;;;;;;;;;;;;;;;
;LABORATORIOS SOPHIA S.A. DE C.V.;;;;;;;;;;;;;;;;;;;;;;;;;;;;;;;;;;;;;;;;;;;;;;;;;;;;;;;;;;
;LIFEMILES LTD;;;;;;;;;;;;;;;;;;;;;;;;;;;;;;;;;;;;;;;;;;;;;;;;;;;;;;;;;;
;LOREAL COLOMBIA SAS;;;;;;;;;;;;;;;;;;;;;;;;;;;;;;;;;;;;;;;;;;;;;;;;;;;;;;;;;;
;MAREAUTO COLOMBIA SAS;;;;;;;;;;;;;;;;;;;;;;;;;;;;;;;;;;;;;;;;;;;;;;;;;;;;;;;;;;
;MARRIOTT INTERNATIONAL, INC;;;;;;;;;;;;;;;;;;;;;;;;;;;;;;;;;;;;;;;;;;;;;;;;;;;;;;;;;;
;MEALS DE COLOMBIA S.A.S;;;;;;;;;;;;;;;;;;;;;;;;;;;;;;;;;;;;;;;;;;;;;;;;;;;;;;;;;;
;MEDIA DEVELOPMENT;;;;;;;;;;;;;;;;;;;;;;;;;;;;;;;;;;;;;;;;;;;;;;;;;;;;;;;;;;
;MEDPLUS MEDICINA PREPAGADA S.A;;;;;;;;;;;;;;;;;;;;;;;;;;;;;;;;;;;;;;;;;;;;;;;;;;;;;;;;;;
;MEGALABS COLOMBIA SAS;;;;;;;;;;;;;;;;;;;;;;;;;;;;;;;;;;;;;;;;;;;;;;;;;;;;;;;;;;
;MERCADOLIBRE COLOMBIA LTDA;;;;;;;;;;;;;;;;;;;;;;;;;;;;;;;;;;;;;;;;;;;;;;;;;;;;;;;;;;
;MERCK S.A.;;;;;;;;;;;;;;;;;;;;;;;;;;;;;;;;;;;;;;;;;;;;;;;;;;;;;;;;;;
;MEXICHEM COLOMBIA S A S;;;;;;;;;;;;;;;;;;;;;;;;;;;;;;;;;;;;;;;;;;;;;;;;;;;;;;;;;;
;MIBANCO BANCO DE LA MICROEMPRESA DE;;;;;;;;;;;;;;;;;;;;;;;;;;;;;;;;;;;;;;;;;;;;;;;;;;;;;;;;;;
;MILLICOM;;;;;;;;;;;;;;;;;;;;;;;;;;;;;;;;;;;;;;;;;;;;;;;;;;;;;;;;;;
;MILLICOM INTERNATIONAL CELLULAR S.A;;;;;;;;;;;;;;;;;;;;;;;;;;;;;;;;;;;;;;;;;;;;;;;;;;;;;;;;;;
;MILLICOM INTERNATIONAL SERVICES LLC;;;;;;;;;;;;;;;;;;;;;;;;;;;;;;;;;;;;;;;;;;;;;;;;;;;;;;;;;;
;MINISTERIO DE CULTURA;;;;;;;;;;;;;;;;;;;;;;;;;;;;;;;;;;;;;;;;;;;;;;;;;;;;;;;;;;
;MKG HEALTH;;;;;;;;;;;;;;;;;;;;;;;;;;;;;;;;;;;;;;;;;;;;;;;;;;;;;;;;;;
;MONDELEZ COLOMBIA S.A.S;;;;;;;;;;;;;;;;;;;;;;;;;;;;;;;;;;;;;;;;;;;;;;;;;;;;;;;;;;
;MSU;;;;;;;;;;;;;;;;;;;;;;;;;;;;;;;;;;;;;;;;;;;;;;;;;;;;;;;;;;
;MSU BOLIVIA;;;;;;;;;;;;;;;;;;;;;;;;;;;;;;;;;;;;;;;;;;;;;;;;;;;;;;;;;;
;MSU BRAZIL;;;;;;;;;;;;;;;;;;;;;;;;;;;;;;;;;;;;;;;;;;;;;;;;;;;;;;;;;;
;MSU CHILE;;;;;;;;;;;;;;;;;;;;;;;;;;;;;;;;;;;;;;;;;;;;;;;;;;;;;;;;;;
;MSU COKE BEACH PROGRAM;;;;;;;;;;;;;;;;;;;;;;;;;;;;;;;;;;;;;;;;;;;;;;;;;;;;;;;;;;
;MSU COLOMBIA;;;;;;;;;;;;;;;;;;;;;;;;;;;;;;;;;;;;;;;;;;;;;;;;;;;;;;;;;;
;MSU COSTA RICA;;;;;;;;;;;;;;;;;;;;;;;;;;;;;;;;;;;;;;;;;;;;;;;;;;;;;;;;;;
;MSU DOMINICAN REPUBLIC;;;;;;;;;;;;;;;;;;;;;;;;;;;;;;;;;;;;;;;;;;;;;;;;;;;;;;;;;;
;MSU ECUADOR;;;;;;;;;;;;;;;;;;;;;;;;;;;;;;;;;;;;;;;;;;;;;;;;;;;;;;;;;;
;MSU GUATEMALA;;;;;;;;;;;;;;;;;;;;;;;;;;;;;;;;;;;;;;;;;;;;;;;;;;;;;;;;;;
;MSU ITALY;;;;;;;;;;;;;;;;;;;;;;;;;;;;;;;;;;;;;;;;;;;;;;;;;;;;;;;;;;
;MSU MEXICO;;;;;;;;;;;;;;;;;;;;;;;;;;;;;;;;;;;;;;;;;;;;;;;;;;;;;;;;;;
;MSU PANAMA;;;;;;;;;;;;;;;;;;;;;;;;;;;;;;;;;;;;;;;;;;;;;;;;;;;;;;;;;;
;MSU PERU;;;;;;;;;;;;;;;;;;;;;;;;;;;;;;;;;;;;;;;;;;;;;;;;;;;;;;;;;;
;MSU UK 1;;;;;;;;;;;;;;;;;;;;;;;;;;;;;;;;;;;;;;;;;;;;;;;;;;;;;;;;;;
;MSU VENEZUELA D;;;;;;;;;;;;;;;;;;;;;;;;;;;;;;;;;;;;;;;;;;;;;;;;;;;;;;;;;;
;MUI C ICL;;;;;;;;;;;;;;;;;;;;;;;;;;;;;;;;;;;;;;;;;;;;;;;;;;;;;;;;;;
;MUI E ICL;;;;;;;;;;;;;;;;;;;;;;;;;;;;;;;;;;;;;;;;;;;;;;;;;;;;;;;;;;
;MYSTERY SHOPPING COLOMBIA;;;;;;;;;;;;;;;;;;;;;;;;;;;;;;;;;;;;;;;;;;;;;;;;;;;;;;;;;;
;MYSTERY SHOPPING MEXICO;;;;;;;;;;;;;;;;;;;;;;;;;;;;;;;;;;;;;;;;;;;;;;;;;;;;;;;;;;
;NATURA COSMETICOS LTDA;;;;;;;;;;;;;;;;;;;;;;;;;;;;;;;;;;;;;;;;;;;;;;;;;;;;;;;;;;
;NESTLE DE COLOMBIA S A;;;;;;;;;;;;;;;;;;;;;;;;;;;;;;;;;;;;;;;;;;;;;;;;;;;;;;;;;;
;NESTLE DE COLOMBIA S.A.;;;;;;;;;;;;;;;;;;;;;;;;;;;;;;;;;;;;;;;;;;;;;;;;;;;;;;;;;;
;NEW MONITORS;;;;;;;;;;;;;;;;;;;;;;;;;;;;;;;;;;;;;;;;;;;;;;;;;;;;;;;;;;
;NEW YORK UNIVERSITY;;;;;;;;;;;;;;;;;;;;;;;;;;;;;;;;;;;;;;;;;;;;;;;;;;;;;;;;;;
;NEXANS COLOMBIA SAS;;;;;;;;;;;;;;;;;;;;;;;;;;;;;;;;;;;;;;;;;;;;;;;;;;;;;;;;;;
;NORTHBAY INTERNATIONAL, INC.;;;;;;;;;;;;;;;;;;;;;;;;;;;;;;;;;;;;;;;;;;;;;;;;;;;;;;;;;;
;NOVARTIS DE COLOMBIA S.A;;;;;;;;;;;;;;;;;;;;;;;;;;;;;;;;;;;;;;;;;;;;;;;;;;;;;;;;;;
;NOVAVENTA S.A.S.;;;;;;;;;;;;;;;;;;;;;;;;;;;;;;;;;;;;;;;;;;;;;;;;;;;;;;;;;;
;NOVO NORDISK COLOMBIA S.A.S;;;;;;;;;;;;;;;;;;;;;;;;;;;;;;;;;;;;;;;;;;;;;;;;;;;;;;;;;;
;NU COLOMBIA SA;;;;;;;;;;;;;;;;;;;;;;;;;;;;;;;;;;;;;;;;;;;;;;;;;;;;;;;;;;
;NUTRIENTES AVICOLAS S.A.S.;;;;;;;;;;;;;;;;;;;;;;;;;;;;;;;;;;;;;;;;;;;;;;;;;;;;;;;;;;
;OBSERVER FULL SERVICE;;;;;;;;;;;;;;;;;;;;;;;;;;;;;;;;;;;;;;;;;;;;;;;;;;;;;;;;;;
;OBSERVER IC CHILE;;;;;;;;;;;;;;;;;;;;;;;;;;;;;;;;;;;;;;;;;;;;;;;;;;;;;;;;;;
;OBSERVER MEXICO;;;;;;;;;;;;;;;;;;;;;;;;;;;;;;;;;;;;;;;;;;;;;;;;;;;;;;;;;;
;OBSERVER MUMBAI;;;;;;;;;;;;;;;;;;;;;;;;;;;;;;;;;;;;;;;;;;;;;;;;;;;;;;;;;;
;OBSERVER PERU;;;;;;;;;;;;;;;;;;;;;;;;;;;;;;;;;;;;;;;;;;;;;;;;;;;;;;;;;;
;ONLINE COMMUNITIES MEXICO;;;;;;;;;;;;;;;;;;;;;;;;;;;;;;;;;;;;;;;;;;;;;;;;;;;;;;;;;;
;OPELLA HEALTHCARE COLOMBIA S.A.S;;;;;;;;;;;;;;;;;;;;;;;;;;;;;;;;;;;;;;;;;;;;;;;;;;;;;;;;;;
;OPELLA HEALTHCARE ECUADOR S.A.S.;;;;;;;;;;;;;;;;;;;;;;;;;;;;;;;;;;;;;;;;;;;;;;;;;;;;;;;;;;
;OPERATION CATI;;;;;;;;;;;;;;;;;;;;;;;;;;;;;;;;;;;;;;;;;;;;;;;;;;;;;;;;;;
;OPERATIONS;;;;;;;;;;;;;;;;;;;;;;;;;;;;;;;;;;;;;;;;;;;;;;;;;;;;;;;;;;
;OPERATIONS CATI MEXICO;;;;;;;;;;;;;;;;;;;;;;;;;;;;;;;;;;;;;;;;;;;;;;;;;;;;;;;;;;
;OPS OBSV B SSMI;;;;;;;;;;;;;;;;;;;;;;;;;;;;;;;;;;;;;;;;;;;;;;;;;;;;;;;;;;
;ORGANIZACION TERPEL SA;;;;;;;;;;;;;;;;;;;;;;;;;;;;;;;;;;;;;;;;;;;;;;;;;;;;;;;;;;
;PA KNOWLEDGE PANEL REGULATORY;;;;;;;;;;;;;;;;;;;;;;;;;;;;;;;;;;;;;;;;;;;;;;;;;;;;;;;;;;
;PANAGORA GROUP SAS;;;;;;;;;;;;;;;;;;;;;;;;;;;;;;;;;;;;;;;;;;;;;;;;;;;;;;;;;;
;PARTNERS TELECOM COLOMBIA S.A.S.;;;;;;;;;;;;;;;;;;;;;;;;;;;;;;;;;;;;;;;;;;;;;;;;;;;;;;;;;;
;PENNZOIL-QUAKER STATE COMPANY;;;;;;;;;;;;;;;;;;;;;;;;;;;;;;;;;;;;;;;;;;;;;;;;;;;;;;;;;;
;PEPSICO ALIMENTOS COLOMBIA LTDA;;;;;;;;;;;;;;;;;;;;;;;;;;;;;;;;;;;;;;;;;;;;;;;;;;;;;;;;;;
;PEPSICOLA COLOMBIA LTDA;;;;;;;;;;;;;;;;;;;;;;;;;;;;;;;;;;;;;;;;;;;;;;;;;;;;;;;;;;
;PERNOD RICARD COLOMBIA;;;;;;;;;;;;;;;;;;;;;;;;;;;;;;;;;;;;;;;;;;;;;;;;;;;;;;;;;;
;PFIZER S.A.S;;;;;;;;;;;;;;;;;;;;;;;;;;;;;;;;;;;;;;;;;;;;;;;;;;;;;;;;;;
;PHILIP MORRIS PRODUCTS S.A. OC DIVISION;;;;;;;;;;;;;;;;;;;;;;;;;;;;;;;;;;;;;;;;;;;;;;;;;;;;;;;;;;
;POLLOS EL BUCANERO S.A;;;;;;;;;;;;;;;;;;;;;;;;;;;;;;;;;;;;;;;;;;;;;;;;;;;;;;;;;;
;PONTIFICIA UNIVERSIDAD JAVERIANA;;;;;;;;;;;;;;;;;;;;;;;;;;;;;;;;;;;;;;;;;;;;;;;;;;;;;;;;;;
;PORSCHE COLOMBIA SAS;;;;;;;;;;;;;;;;;;;;;;;;;;;;;;;;;;;;;;;;;;;;;;;;;;;;;;;;;;
;PRAGMA S.A.;;;;;;;;;;;;;;;;;;;;;;;;;;;;;;;;;;;;;;;;;;;;;;;;;;;;;;;;;;
;PRICEWATERHOUSECOOPERS SERVICIOS LEGALES;;;;;;;;;;;;;;;;;;;;;;;;;;;;;;;;;;;;;;;;;;;;;;;;;;;;;;;;;;
;PROCTER & GAMBLE COLOMBIA LTDA.;;;;;;;;;;;;;;;;;;;;;;;;;;;;;;;;;;;;;;;;;;;;;;;;;;;;;;;;;;
;PROCTER & GAMBLE COMPANY;;;;;;;;;;;;;;;;;;;;;;;;;;;;;;;;;;;;;;;;;;;;;;;;;;;;;;;;;;
;PRODUCTOS FAMILIA SA;;;;;;;;;;;;;;;;;;;;;;;;;;;;;;;;;;;;;;;;;;;;;;;;;;;;;;;;;;
;PRODUCTOS NATURALES DE LA SABANA S.A.S;;;;;;;;;;;;;;;;;;;;;;;;;;;;;;;;;;;;;;;;;;;;;;;;;;;;;;;;;;
;PRODUCTOS ROCHE SA;;;;;;;;;;;;;;;;;;;;;;;;;;;;;;;;;;;;;;;;;;;;;;;;;;;;;;;;;;
;PUBLIC AFFAIRS;;;;;;;;;;;;;;;;;;;;;;;;;;;;;;;;;;;;;;;;;;;;;;;;;;;;;;;;;;
;PUBLIC AFFAIRS NAPOLEON FRANCO;;;;;;;;;;;;;;;;;;;;;;;;;;;;;;;;;;;;;;;;;;;;;;;;;;;;;;;;;;
;PUBLIC AFFAIRS SWITZERLAND;;;;;;;;;;;;;;;;;;;;;;;;;;;;;;;;;;;;;;;;;;;;;;;;;;;;;;;;;;
;QUALI BRAZIL;;;;;;;;;;;;;;;;;;;;;;;;;;;;;;;;;;;;;;;;;;;;;;;;;;;;;;;;;;
;QUALI MKT;;;;;;;;;;;;;;;;;;;;;;;;;;;;;;;;;;;;;;;;;;;;;;;;;;;;;;;;;;
;RAPPI S.A.S;;;;;;;;;;;;;;;;;;;;;;;;;;;;;;;;;;;;;;;;;;;;;;;;;;;;;;;;;;
;RB HEALTH COLOMBIA S.A.S.;;;;;;;;;;;;;;;;;;;;;;;;;;;;;;;;;;;;;;;;;;;;;;;;;;;;;;;;;;
;RENAULT DO BRASIL S.A.;;;;;;;;;;;;;;;;;;;;;;;;;;;;;;;;;;;;;;;;;;;;;;;;;;;;;;;;;;
;RENAULT SAS;;;;;;;;;;;;;;;;;;;;;;;;;;;;;;;;;;;;;;;;;;;;;;;;;;;;;;;;;;
;RENAULT SOCIEDAD DE FABRICACION DE AUTOM;;;;;;;;;;;;;;;;;;;;;;;;;;;;;;;;;;;;;;;;;;;;;;;;;;;;;;;;;;
;REPUTATION CENTRE;;;;;;;;;;;;;;;;;;;;;;;;;;;;;;;;;;;;;;;;;;;;;;;;;;;;;;;;;;
;SAMSUNG ELECTRONICS COLOMBIA S.A;;;;;;;;;;;;;;;;;;;;;;;;;;;;;;;;;;;;;;;;;;;;;;;;;;;;;;;;;;
;SANAUTOS S.A.;;;;;;;;;;;;;;;;;;;;;;;;;;;;;;;;;;;;;;;;;;;;;;;;;;;;;;;;;;
;SANOFI - AVENTIS DEL ECUADOR S.A;;;;;;;;;;;;;;;;;;;;;;;;;;;;;;;;;;;;;;;;;;;;;;;;;;;;;;;;;;
;SANOFI - PASTEUR S.A;;;;;;;;;;;;;;;;;;;;;;;;;;;;;;;;;;;;;;;;;;;;;;;;;;;;;;;;;;
;SANOFI AVENTIS DE COLOMBIA SA;;;;;;;;;;;;;;;;;;;;;;;;;;;;;;;;;;;;;;;;;;;;;;;;;;;;;;;;;;
;SANOFI AVENTIS DE PANAMA;;;;;;;;;;;;;;;;;;;;;;;;;;;;;;;;;;;;;;;;;;;;;;;;;;;;;;;;;;
;SCOTIABANK COLPATRIA S.A.;;;;;;;;;;;;;;;;;;;;;;;;;;;;;;;;;;;;;;;;;;;;;;;;;;;;;;;;;;
;SERVICIOS ESPECIALIZADOS EN TELECOMUNICA;;;;;;;;;;;;;;;;;;;;;;;;;;;;;;;;;;;;;;;;;;;;;;;;;;;;;;;;;;
;SERVICIOS NUTRESA S.A.S.;;;;;;;;;;;;;;;;;;;;;;;;;;;;;;;;;;;;;;;;;;;;;;;;;;;;;;;;;;
;SHOPEE COLOMBIA S.A.S.;;;;;;;;;;;;;;;;;;;;;;;;;;;;;;;;;;;;;;;;;;;;;;;;;;;;;;;;;;
;SISTEMA INTEGRADO MULTIPLE DE PAGOS ELEC;;;;;;;;;;;;;;;;;;;;;;;;;;;;;;;;;;;;;;;;;;;;;;;;;;;;;;;;;;
;SRI;;;;;;;;;;;;;;;;;;;;;;;;;;;;;;;;;;;;;;;;;;;;;;;;;;;;;;;;;;
;SRL ELEX LTD;;;;;;;;;;;;;;;;;;;;;;;;;;;;;;;;;;;;;;;;;;;;;;;;;;;;;;;;;;
;STRATEGY 3 COLOMBIA;;;;;;;;;;;;;;;;;;;;;;;;;;;;;;;;;;;;;;;;;;;;;;;;;;;;;;;;;;
;STRATEGY3 BRAZIL;;;;;;;;;;;;;;;;;;;;;;;;;;;;;;;;;;;;;;;;;;;;;;;;;;;;;;;;;;
;STRATEGY3 FRANCE;;;;;;;;;;;;;;;;;;;;;;;;;;;;;;;;;;;;;;;;;;;;;;;;;;;;;;;;;;
;STRATEGY3 USA;;;;;;;;;;;;;;;;;;;;;;;;;;;;;;;;;;;;;;;;;;;;;;;;;;;;;;;;;;
;SUPERTIENDAS Y DROGUERIAS OLIMPICA S.A.;;;;;;;;;;;;;;;;;;;;;;;;;;;;;;;;;;;;;;;;;;;;;;;;;;;;;;;;;;
;SURAMERICANA S.A;;;;;;;;;;;;;;;;;;;;;;;;;;;;;;;;;;;;;;;;;;;;;;;;;;;;;;;;;;
;TAKEDA S.A.S;;;;;;;;;;;;;;;;;;;;;;;;;;;;;;;;;;;;;;;;;;;;;;;;;;;;;;;;;;
;TEAMFOODS COLOMBIA SA;;;;;;;;;;;;;;;;;;;;;;;;;;;;;;;;;;;;;;;;;;;;;;;;;;;;;;;;;;
;TECNOFAR TQ S.A.S.;;;;;;;;;;;;;;;;;;;;;;;;;;;;;;;;;;;;;;;;;;;;;;;;;;;;;;;;;;
;TECNOQUIMICAS S.A.;;;;;;;;;;;;;;;;;;;;;;;;;;;;;;;;;;;;;;;;;;;;;;;;;;;;;;;;;;
;TECNOSUR S.A.S;;;;;;;;;;;;;;;;;;;;;;;;;;;;;;;;;;;;;;;;;;;;;;;;;;;;;;;;;;
;TEXTILES LAFAYETTE S.A.S;;;;;;;;;;;;;;;;;;;;;;;;;;;;;;;;;;;;;;;;;;;;;;;;;;;;;;;;;;
;THE BOSTON CONSULTING GROUP SAS;;;;;;;;;;;;;;;;;;;;;;;;;;;;;;;;;;;;;;;;;;;;;;;;;;;;;;;;;;
;TIENDAS OXXO;;;;;;;;;;;;;;;;;;;;;;;;;;;;;;;;;;;;;;;;;;;;;;;;;;;;;;;;;;
;TRANSSION INVESTMENT LIMITED;;;;;;;;;;;;;;;;;;;;;;;;;;;;;;;;;;;;;;;;;;;;;;;;;;;;;;;;;;
;UBER COLOMBIA SAS;;;;;;;;;;;;;;;;;;;;;;;;;;;;;;;;;;;;;;;;;;;;;;;;;;;;;;;;;;
;UNE EPM TELECOMUNICACIONES SA;;;;;;;;;;;;;;;;;;;;;;;;;;;;;;;;;;;;;;;;;;;;;;;;;;;;;;;;;;
;UNILEVER ANDINA COLOMBIA LTDA;;;;;;;;;;;;;;;;;;;;;;;;;;;;;;;;;;;;;;;;;;;;;;;;;;;;;;;;;;
;UNIÓN TEMPORAL ÍTACA -;;;;;;;;;;;;;;;;;;;;;;;;;;;;;;;;;;;;;;;;;;;;;;;;;;;;;;;;;;
;UNIVERSIDAD DE LOS ANDES;;;;;;;;;;;;;;;;;;;;;;;;;;;;;;;;;;;;;;;;;;;;;;;;;;;;;;;;;;
;UNIVERSITY OF DENVER;;;;;;;;;;;;;;;;;;;;;;;;;;;;;;;;;;;;;;;;;;;;;;;;;;;;;;;;;;
;US BRAND HEALTH;;;;;;;;;;;;;;;;;;;;;;;;;;;;;;;;;;;;;;;;;;;;;;;;;;;;;;;;;;
;US CREATIVE EXCELLENCE;;;;;;;;;;;;;;;;;;;;;;;;;;;;;;;;;;;;;;;;;;;;;;;;;;;;;;;;;;
;US INNOVATION;;;;;;;;;;;;;;;;;;;;;;;;;;;;;;;;;;;;;;;;;;;;;;;;;;;;;;;;;;
;US MSU - RESEARCH CONSULTING;;;;;;;;;;;;;;;;;;;;;;;;;;;;;;;;;;;;;;;;;;;;;;;;;;;;;;;;;;
;US QUALITATIVE CPG;;;;;;;;;;;;;;;;;;;;;;;;;;;;;;;;;;;;;;;;;;;;;;;;;;;;;;;;;;
;US QUALITATIVE FIT;;;;;;;;;;;;;;;;;;;;;;;;;;;;;;;;;;;;;;;;;;;;;;;;;;;;;;;;;;
;US QUALITATIVE HEALTHCARE;;;;;;;;;;;;;;;;;;;;;;;;;;;;;;;;;;;;;;;;;;;;;;;;;;;;;;;;;;
;USAID/USFS;;;;;;;;;;;;;;;;;;;;;;;;;;;;;;;;;;;;;;;;;;;;;;;;;;;;;;;;;;
;USPA - SUSDEV;;;;;;;;;;;;;;;;;;;;;;;;;;;;;;;;;;;;;;;;;;;;;;;;;;;;;;;;;;
;VANDERBILT UNIVERSITY;;;;;;;;;;;;;;;;;;;;;;;;;;;;;;;;;;;;;;;;;;;;;;;;;;;;;;;;;;
;VANTI S.A ESP;;;;;;;;;;;;;;;;;;;;;;;;;;;;;;;;;;;;;;;;;;;;;;;;;;;;;;;;;;
;VANTI SOLUCIONES SAS;;;;;;;;;;;;;;;;;;;;;;;;;;;;;;;;;;;;;;;;;;;;;;;;;;;;;;;;;;
;VEGA JARAMILLO & ASOCIADOS S A S;;;;;;;;;;;;;;;;;;;;;;;;;;;;;;;;;;;;;;;;;;;;;;;;;;;;;;;;;;
;VILEDA FHP EXPORT GMBH;;;;;;;;;;;;;;;;;;;;;;;;;;;;;;;;;;;;;;;;;;;;;;;;;;;;;;;;;;
;VISA COSTA RICA;;;;;;;;;;;;;;;;;;;;;;;;;;;;;;;;;;;;;;;;;;;;;;;;;;;;;;;;;;
;VISA INTERNACIONAL SERVICIOS DE PAGO ESP;;;;;;;;;;;;;;;;;;;;;;;;;;;;;;;;;;;;;;;;;;;;;;;;;;;;;;;;;;
;VISA INTERNATIONAL;;;;;;;;;;;;;;;;;;;;;;;;;;;;;;;;;;;;;;;;;;;;;;;;;;;;;;;;;;
;VISA INTERNATIONAL MEXICO, S.A. DE C.V.;;;;;;;;;;;;;;;;;;;;;;;;;;;;;;;;;;;;;;;;;;;;;;;;;;;;;;;;;;
;VISA INTERNATIONAL SERV.ASSOCIATION-LAC;;;;;;;;;;;;;;;;;;;;;;;;;;;;;;;;;;;;;;;;;;;;;;;;;;;;;;;;;;
;VISA INTERNATIONAL SERVICE ASSOCIATION;;;;;;;;;;;;;;;;;;;;;;;;;;;;;;;;;;;;;;;;;;;;;;;;;;;;;;;;;;
;WENIA LTD;;;;;;;;;;;;;;;;;;;;;;;;;;;;;;;;;;;;;;;;;;;;;;;;;;;;;;;;;;
;WESTERN UNION FINANCIAL SERVICES INC;;;;;;;;;;;;;;;;;;;;;;;;;;;;;;;;;;;;;;;;;;;;;;;;;;;;;;;;;;
;WOMPI S.A.S;;;;;;;;;;;;;;;;;;;;;;;;;;;;;;;;;;;;;;;;;;;;;;;;;;;;;;;;;;
;XCB DE COLOMBIA LIMITED SUCURSAL COLOMBI;;;;;;;;;;;;;;;;;;;;;;;;;;;;;;;;;;;;;;;;;;;;;;;;;;;;;;;;;;
;XM COMPAÑIA DE EXPERTOS EN MERCADOS S.A.;;;;;;;;;;;;;;;;;;;;;;;;;;;;;;;;;;;;;;;;;;;;;;;;;;;;;;;;;;
;YALE UNIVERSITY;;;;;;;;;;;;;;;;;;;;;;;;;;;;;;;;;;;;;;;;;;;;;;;;;;;;;;;;;;
;ZAMBON COLOMBIA S.A.;;;;;;;;;;;;;;;;;;;;;;;;;;;;;;;;;;;;;;;;;;;;;;;;;;;;;;;;;;
;ZAMBON LABORATÓRIOS FARMACÊUTICOS LTDA.;;;;;;;;;;;;;;;;;;;;;;;;;;;;;;;;;;;;;;;;;;;;;;;;;;;;;;;;;;
