BI;sp_TransferiListaJob
dbo;_Ciudades_Get
dbo;_Constantes_Get
dbo;_Generalidades_Get
dbo;_Idiomas_Get
dbo;_LlenarTablaListadoFechas_WORK
dbo;_Paises_Get
dbo;ACM_AccionesMejora_Edit
dbo;ACM_AccionMejora_Add
dbo;AJ_ActualizarJobBooks
dbo;AJ_ActualizarRevisadoAprobado
dbo;AJ_ActualizarRevisadoSinAprobar
dbo;AJ_ActualizarRevisarAprobarAlternativa
dbo;AJ_ActualizarSinRevisarSinAprobar
dbo;AJ_ActualizarSinRevisarSinAprobarAlternativa
dbo;AJ_AjusteBorrarUnaActividad
dbo;AJ_AjusteCostoProcesosInternos
dbo;AJ_AjusteCostosMysteryShopper
dbo;AJ_AjusteCostosMysteryShopper_2323_alt2
dbo;AJ_AjusteCostosMysteryShopper_Matrix
dbo;AJ_AjusteCostosMysteryShopperTerpelExpedicion
dbo;AJ_AjusteCostosMysteryShopperTerpelTravesia
dbo;AJ_AjusteCostosMysteryShopperUnasActividades
dbo;AJ_AjusteUnaActividad
dbo;aspnet_AnyDataInTables
dbo;aspnet_Applications_CreateApplication
dbo;aspnet_CheckSchemaVersion
dbo;aspnet_Membership_ChangePasswordQuestionAndAnswer
dbo;aspnet_Membership_CreateUser
dbo;aspnet_Membership_FindUsersByEmail
dbo;aspnet_Membership_FindUsersByName
dbo;aspnet_Membership_GetAllUsers
dbo;aspnet_Membership_GetNumberOfUsersOnline
dbo;aspnet_Membership_GetPassword
dbo;aspnet_Membership_GetPasswordWithFormat
dbo;aspnet_Membership_GetUserByEmail
dbo;aspnet_Membership_GetUserByName
dbo;aspnet_Membership_GetUserByUserId
dbo;aspnet_Membership_ResetPassword
dbo;aspnet_Membership_SetPassword
dbo;aspnet_Membership_UnlockUser
dbo;aspnet_Membership_UpdateUser
dbo;aspnet_Membership_UpdateUserInfo
dbo;aspnet_Paths_CreatePath
dbo;aspnet_Personalization_GetApplicationId
dbo;aspnet_PersonalizationAdministration_DeleteAllState
dbo;aspnet_PersonalizationAdministration_FindState
dbo;aspnet_PersonalizationAdministration_GetCountOfState
dbo;aspnet_PersonalizationAdministration_ResetSharedState
dbo;aspnet_PersonalizationAdministration_ResetUserState
dbo;aspnet_PersonalizationAllUsers_GetPageSettings
dbo;aspnet_PersonalizationAllUsers_ResetPageSettings
dbo;aspnet_PersonalizationAllUsers_SetPageSettings
dbo;aspnet_PersonalizationPerUser_GetPageSettings
dbo;aspnet_PersonalizationPerUser_ResetPageSettings
dbo;aspnet_PersonalizationPerUser_SetPageSettings
dbo;aspnet_Profile_DeleteInactiveProfiles
dbo;aspnet_Profile_DeleteProfiles
dbo;aspnet_Profile_GetNumberOfInactiveProfiles
dbo;aspnet_Profile_GetProfiles
dbo;aspnet_Profile_GetProperties
dbo;aspnet_Profile_SetProperties
dbo;aspnet_RegisterSchemaVersion
dbo;aspnet_Roles_CreateRole
dbo;aspnet_Roles_DeleteRole
dbo;aspnet_Roles_GetAllRoles
dbo;aspnet_Roles_RoleExists
dbo;aspnet_Setup_RemoveAllRoleMembers
dbo;aspnet_Setup_RestorePermissions
dbo;aspnet_UnRegisterSchemaVersion
dbo;aspnet_Users_CreateUser
dbo;aspnet_Users_DeleteUser
dbo;aspnet_UsersInRoles_AddUsersToRoles
dbo;aspnet_UsersInRoles_FindUsersInRole
dbo;aspnet_UsersInRoles_GetRolesForUser
dbo;aspnet_UsersInRoles_GetUsersInRoles
dbo;aspnet_UsersInRoles_IsUserInRole
dbo;aspnet_UsersInRoles_RemoveUsersFromRoles
dbo;aspnet_WebEvent_LogEvent
dbo;CC_ActividadesPresupuestadas
dbo;CC_ActividadesPresupuestadasCampo
dbo;CC_ActividadesXTrabajo
dbo;CC_ActualizarDiasTrabajadosXFechasProduccion
dbo;CC_ActualizarEstadoCuenta
dbo;CC_ActualizarProductividad
dbo;CC_ActualizarValorContratista
dbo;CC_ActualizarValorIndividualContratista
dbo;CC_ActualizarVrUnitario
dbo;CC_AjustarPresupuestoInternoPorTrabajo
dbo;CC_AjustarTotalUpdate
dbo;CC_ArchivoNomina
dbo;CC_CalcularPresupuestoInterno
dbo;CC_CalcularPresupuestoInternoDetalle
dbo;CC_CalcularPresupuestoInternoDetalleCATI
dbo;CC_CalcularPresupuestoInternoDetalleJornadas
dbo;CC_CalcularPresupuestoInternoReclutamiento
dbo;CC_CarguesProduccionAdd
dbo;CC_CarguesProduccionGet
dbo;CC_CarguesProduccionGet2
dbo;CC_CedulasProduccion
dbo;CC_CodigosPreguntasGestionCampo
dbo;CC_ConsecutivoCC
dbo;CC_ConsecutivoOrdendeServicio
dbo;CC_ConteosXIdGet
dbo;CC_CuentaCobroDetalleAdd
dbo;CC_CuentasCobro_Get
dbo;CC_CuentasContablesGet
dbo;CC_CuentasdeCobroAdd
dbo;CC_CuentasRadicadasGet
dbo;CC_DescuentosGet
dbo;CC_DetalleOrdendeServicioAdd
dbo;CC_DetallePresupuestoGet
dbo;CC_DetallePresupuestoGetXId
dbo;CC_DetallePresupuestosReclutamientoSelect
dbo;CC_DetallePresupuestosSelect
dbo;CC_DetallePresupuestosUpdate
dbo;CC_EncabezadoPlanillaAsistencia
dbo;CC_EstadosCuentasAdd
dbo;CC_EstadosCuentasGet
dbo;CC_FechaUltimaCC
dbo;CC_InformacionCoe
dbo;CC_InformacionTrabajos
dbo;CC_InfoTrabajo
dbo;CC_JobBookCerradoGet
dbo;CC_ListadoTrabajosActivosDescargar
dbo;CC_LoadStatusJB
dbo;CC_LogAprobacionOrdenesServicio_Add
dbo;CC_LogEstadosOrdenesServicio_Add
dbo;CC_MuestraTrabajosGet
dbo;CC_NombreCoordinadorGet
dbo;CC_NominaDistribucion1-IpsosProductividad
dbo;CC_NominaDistribucion2-TemporalProductividad
dbo;CC_NominaDistribucion3-IpsosFijosHoras
dbo;CC_NominaDistribucion4-Ipsos5-Temporal-FijosProduccion
dbo;CC_NominaDistribucion6-IpsosLiqFijosHorasyProduccion7-Productividad
dbo;CC_NominaDistribucionBorrarMesErrores
dbo;CC_NominaDistribucionBorrarProdFijos
dbo;CC_NominaDistribucionCostos
dbo;CC_NominaDistribucionCostosCOPIA
dbo;CC_NominaDistribucionExisteCedula
dbo;CC_NominaDistribucionInsertarHistoricos
dbo;CC_NominaDistribucionInsertarProdFijos
dbo;CC_NominaDistribucionInsertarRegistros
dbo;CC_NominaDistribucionInsertarRegistrosErrores
dbo;CC_ObservacionPresupuestoGet
dbo;CC_ObtenerAñoValor
dbo;CC_ObtenerAñoValorLast
dbo;CC_ObtenerPresupuestosCondicionesDescripciones
dbo;CC_ObtenerProduccionErroresCargueDatos
dbo;CC_ObtenerUltimoIdProduccion
dbo;CC_OrdenesdeServicio_Edit
dbo;CC_OrdenesdeServicioAdd
dbo;CC_OrdenesdeServicioGet
dbo;CC_ParticipantesPlanillaAsistencia
dbo;CC_PersonalAsignadoGet
dbo;CC_PreguntasGestionCampoXTrabajo
dbo;CC_PreguntasHistoricoGuardar
dbo;CC_PresupuestoInternoDelete
dbo;CC_PresupuestoInternoGet
dbo;CC_PresupuestosAreasInternas
dbo;CC_PresupuestosInternosGet
dbo;CC_PresupuestosInternosGetXId
dbo;CC_Produccion_CargueTemporal_Del
dbo;CC_Produccion_CargueTemporal_PasarAFinal
dbo;CC_ProduccionAdd
dbo;CC_ProduccionCargueDelete
dbo;CC_ProduccionCargueTemportalUpdate
dbo;CC_ProduccionCiudades
dbo;CC_ProduccionDiasTrabajados
dbo;CC_ProduccionEliminar
dbo;CC_ProduccionExport
dbo;CC_ProduccionExportPorIDs
dbo;CC_ProduccionGetxFecha
dbo;CC_ProduccionJobsAbiertos_CRU
dbo;CC_ProduccionResumenPersonas
dbo;CC_ProduccionResumenXCedula
dbo;CC_ProduccionTempBorrar
dbo;CC_ProduccionTempGet
dbo;CC_ProduccionTiposEncuestador
dbo;CC_ProduccionTotalLiquidacionPorCedula
dbo;CC_ProduccionTrabajosSinPresupuesto
dbo;CC_ProduccionUpdateCC
dbo;CC_ProduccionValidarCargueDiferenteEncuestas
dbo;CC_ProduccionValidarDatosCargue
dbo;CC_ProduccionValidarExistePresupuesto
dbo;CC_ProduccionValidarHorasPorDia
dbo;CC_ProduccionValidarPersona
dbo;CC_ProduccionValidarTrabajo
dbo;CC_ProduccionValorActividad
dbo;CC_ProduccionValorEncuesta
dbo;CC_ProduccionValorEncuestaCondiciones
dbo;CC_ProduccionValorEncuestaOld
dbo;CC_ProduccionXCiudad
dbo;CC_ProduccionXFechas
dbo;CC_RadicadoCuentasEliminar
dbo;CC_RecepcionCuentasCobroUpdate
dbo;CC_RecepcionCuentasdeCobroAdd
dbo;CC_RecepcionCuentasdeCobroDelete
dbo;CC_RecepcionCuentasdeCobroGet
dbo;CC_RecepcionCuentasdeCobroGetXId
dbo;CC_ReporteActividadesProduccion
dbo;CC_ReporteActvidadadesProduccionXFecha
dbo;CC_ReporteContabilizacion
dbo;CC_ReporteMuestra
dbo;CC_ReporteOrdenesServicio
dbo;CC_ReportePagos
dbo;CC_ReportePagos_WORK
dbo;CC_ReportePagosSumaxTipo
dbo;CC_RequisiscionesAdd
dbo;CC_SolicitudPresupuestoGet
dbo;CC_SolicitudPresupuestoInternoAdd
dbo;CC_SolicitudPresupuestoInternoAddMod
dbo;CC_TarifasAutomaticasGet
dbo;CC_TipoDocumentoGet
dbo;CC_TrabajoGetProducto
dbo;CC_Trabajos_Get
dbo;CC_TrabajosConteo
dbo;CC_UpdateDetallePresupuesto
dbo;CC_ValorEncuestaGet
dbo;CC_ValorUnitarioContratistaGet
dbo;CCPresupuestoInternoEditarTotal
dbo;CI_Busqueda_Get
dbo;CI_CarpetasRed_Get
dbo;CI_CarpetasRedRaiz_Get
dbo;CI_DetalleAlmacenamiento_Add
dbo;CI_DetalleAlmacenamiento_Edit
dbo;CI_DetalleAlmacenamiento_Get
dbo;CI_DocumentosCierre_Get
dbo;CI_DocumentosRecuperacion_Get
dbo;CI_IndexacionCarpetasCierreArchivos_Add
dbo;CI_IndexacionCarpetasCierreArchivos_Get
dbo;CI_IndexacionCarpetasCierreRaiz_Add
dbo;CI_IndexacionCarpetasCierreRaiz_Edit
dbo;CI_IndexacionCarpetasCierreRaiz_Get
dbo;CI_LogCierres_Add
dbo;CI_LogCreacionCarpetasRed_Add
dbo;CI_LogMoverCarpetaMatrixTrabajosCerrados_Add
dbo;CI_MaestroAlmacenamiento_Add
dbo;CI_MaestroAlmacenamiento_Get
dbo;CI_SolicitudMedios_Add
dbo;CI_SolicitudMedios_Get
dbo;CO_EvaluacionProveedoresFacturaOP_Get
dbo;CO_EvaluacionProveedorUltimaFecha_Get
dbo;ConsultarUsuarios
dbo;ConsultarUsuariosXNombre
dbo;ConsultarUsuariosXRolesUsuarios
dbo;CORE_Asunto_Get
dbo;CORE_Configuracion_DocumentosXTarea_Get
dbo;CORE_Configuracion_Tareas_Previas
dbo;CORE_Configuracion_TareasXTipoHilo_Get
dbo;CORE_DataVisualizacionTareasADD
dbo;CORE_DestinatariosCorreosNotificacionFecha
dbo;CORE_DocumentosRequeridosXTarea_Get
dbo;CORE_DocumentosXHilo_Get
dbo;CORE_Feedback_Add
dbo;CORE_Hilo_Add
dbo;CORE_HilosGetxContenedor
dbo;Core_Log_Entrada_Add
dbo;CORE_Log_WorkFlow_Add
dbo;CORE_Log_WorkFlow_MasivoEstadoCreada_Add
dbo;CORE_ObservacionesTareas_Get
dbo;CORE_obtenerCantidadTareasXTrabajo
dbo;CORE_obtenerusuariosasignados_get
dbo;CORE_Planeacion_Add
dbo;CORE_Tareas_Get
dbo;CORE_TareasDependientes_Finalizar
dbo;CORE_TareasXUnidadEjecuta
dbo;CORE_Trabajos_WithWorkFlow
dbo;CORE_Trabajos_WithWorkFlow_Get
dbo;CORE_TrabajosTareas_Count_Get
dbo;CORE_TrabajosTareas_Get
dbo;Core_UnidadesAll
dbo;CORE_UsuariosAsignadosXProceso
dbo;CORE_WorkFlow_Add
dbo;CORE_WorkFlow_AddDuplicados
dbo;CORE_WorkFlow_Edit
dbo;CORE_WorkFlow_GetxHiloid
dbo;CORE_WorkFlow_GetXTrabajoXTarea
dbo;CORE_WorkFlow_TareasAsociadas_Get
dbo;CORE_WorkFlow_TareasPrevias_Get
dbo;CORE_WorkFlow_Trabajos_Get
dbo;CORE_WorkFlow_UsuariosANotificarTareaDevuelta_Get
dbo;CORE_WorkFlow_UsuariosAsignados_Get
dbo;CT_TareasList
dbo;CT_TareasListPendientesAsignacion
dbo;CT_TareasPrevias
dbo;CT_TareasTrabajosList
dbo;CT_UnidadesAsignacionXUsuario
dbo;CU_AlternativasNoUsadasXEstudio
dbo;CU_AnuncioAprobacion_Get
dbo;CU_Brief_Add
dbo;CU_Brief_Clone
dbo;CU_Brief_Del
dbo;CU_Brief_Edit
dbo;CU_Brief_Edit_GerenteCuentas
dbo;CU_Brief_Edit_RazonNoViabilidad
dbo;CU_Brief_Edit_Viabilidad
dbo;CU_Brief_Get
dbo;CU_Brief_Get_Not_Propuesta
dbo;CU_Brief_LogCambioGerente_Add
dbo;CU_CambioAlternativaAprobada
dbo;CU_Ciudades_Get
dbo;CU_Cliente_Add
dbo;CU_Cliente_Edit
dbo;CU_Cliente_Get
dbo;CU_Contactos_Add
dbo;CU_Contactos_Edit
dbo;CU_Contactos_Get
dbo;CU_Contactos_GetMail
dbo;CU_CONTACTOS_PQR_GET
dbo;CU_Departamentos_Get
dbo;CU_EstadoPropuesta_Get
dbo;CU_Estudios_Edit
dbo;CU_Estudios_Edit_Seguimiento
dbo;CU_Estudios_Edit2
dbo;CU_Estudios_Get
dbo;CU_Estudios_Presupuestos_Add
dbo;CU_Estudios_Presupuestos_Asignados_Get
dbo;CU_InfoGeneralJobBook_GET
dbo;CU_MuestraAnuncioAprobacion
dbo;CU_OrigenPropuesta_Get
dbo;CU_Paises_Get
dbo;CU_PQR_Add
dbo;CU_PQR_Cerrar
dbo;CU_PQR_Del
dbo;CU_PQR_Edit
dbo;CU_PQR_Get
dbo;CU_PQRActas_Add
dbo;CU_Presupuesto_Get
dbo;CU_Presupuestos_JobBook_Edit
dbo;CU_PresupuestosRevisionPorGerenteOperaciones
dbo;CU_ProbabilidadAprobacion_Get
dbo;CU_ProductoInterno_Add
dbo;CU_ProductoInterno_Del
dbo;CU_ProductoInterno_Edit
dbo;CU_ProductoInterno_EditCant
dbo;CU_ProductoInterno_Get
dbo;CU_ProductoInterno_GetEnvia
dbo;CU_ProductoInterno_GetRecibe
dbo;CU_Propuesta_Presupuestos_TecnicaMetodologia
dbo;CU_Propuestas_Add
dbo;CU_Propuestas_Add2
dbo;CU_Propuestas_Del
dbo;CU_Propuestas_Edit
dbo;CU_Propuestas_Edit_HabeasData
dbo;CU_Propuestas_Edit_Seguimiento
dbo;CU_Propuestas_Edit2
dbo;CU_Propuestas_Get
dbo;CU_Propuestas_Get2
dbo;CU_PropuestasRevisionPorGerenteOperaciones
dbo;CU_RazonesNoAprobacion_Get
dbo;CU_Sectores_GET
dbo;CU_SeguimientoPropuestas_Add
dbo;CU_SeguimientoPropuestas_Get
dbo;CU_TipoBrief_Get
dbo;CU_TipoCliente_Get
dbo;CU_TipoMovimientoProductoInterno_GetCombo
dbo;CU_TipoPropuesta_Get
dbo;CU_Trabajos_Get
dbo;DD_ActualizarDuracion
dbo;DD_RecalcularCostoOperacionTotal
dbo;DD_RecalcularGMCU_Presupuestos
dbo;Divipola_Get
dbo;Divipola_Get_Dpto
dbo;DW_TRACK_NUTRESA_GET_SRVY_DATA
dbo;EQ_Quote_Get
dbo;EQ_Quote_Save
dbo;ES_BriefDisenoMuestral_Add
dbo;ES_BriefDisenoMuestral_Del
dbo;ES_BriefDisenoMuestral_Edit
dbo;ES_BriefDisenoMuestral_Get
dbo;ES_DisenoMuestral_Add
dbo;ES_DisenoMuestral_Del
dbo;ES_DisenoMuestral_Edit
dbo;ES_DisenoMuestral_Get
dbo;ES_MetodologiaCampo_Add
dbo;ES_MetodologiaCampo_Del
dbo;ES_MetodologiaCampo_Edit
dbo;ES_MetodologiaCampo_Get
dbo;ES_MetodologiaCampo_NumVersiones
dbo;ES_MetodologiaCampoTr
dbo;ES_ObtenerMetodologiaXIdxTr
dbo;Existe_RSSR_Id
dbo;FI_AprobacionFacturasRadicadasXUsuarioXOrden
dbo;FI_AprobarFactura
dbo;FI_AprobarOC
dbo;FI_AprobarOR
dbo;FI_AprobarOS
dbo;FI_CentroCosto_Get
dbo;FI_CentroCostos_Get
dbo;FI_ContinuarAprobacionCompra
dbo;FI_ContinuarAprobacionRequerimiento
dbo;FI_ContinuarAprobacionServicio
dbo;FI_DuplicarDetalleOrdenCompra
dbo;FI_DuplicarDetalleOrdenRequerimiento
dbo;FI_DuplicarDetalleOrdenServicio
dbo;FI_EstadosFactura_Get
dbo;FI_EvaluarFactura
dbo;FI_FacturasPendientesAprobacion_Get
dbo;FI_FacturasPendientesEvaluacion_Get
dbo;FI_FacturasRadicadas_Del
dbo;FI_FacturasRadicadas_Detalle_Del
dbo;FI_FacturasRadicadas_Detalle_Get
dbo;FI_FacturasRadicadas_Detalle_Ordenes
dbo;FI_FacturasRadicadas_Get
dbo;FI_FacturasRadicadas_LlaveCompuesta_Get
dbo;FI_FacturasRadicadasGET
dbo;FI_FacturasRadicadasNew_Get
dbo;FI_JBE_JBI_CC_Get
dbo;FI_LogAprobacion_FacturasUsuarios_Del
dbo;FI_LogAprobacion_OrdenCompra_Del
dbo;FI_LogAprobacion_OrdenRequerimiento_Del
dbo;FI_LogAprobacion_OrdenServicio_Del
dbo;FI_LogAprobacionFacturasUsuarios_Add
dbo;FI_LogAprobacionFacturasUsuarios_Del
dbo;FI_LogAprobacionFacturasUsuarios_Get
dbo;FI_LogAprobacionOrdenCompra_Add
dbo;FI_LogAprobacionOrdenCompra_Del
dbo;FI_LogAprobacionOrdenCompra_get
dbo;FI_LogAprobacionOrdenRequerimiento_Add
dbo;FI_LogAprobacionOrdenRequerimiento_Del
dbo;FI_LogAprobacionOrdenRequerimiento_get
dbo;FI_LogAprobacionOrdenServicio_Add
dbo;FI_LogAprobacionOrdenServicio_Del
dbo;FI_LogAprobacionOrdenServicio_get
dbo;FI_LogEvaluacionProveedor_Facturas_Del
dbo;FI_LogEvaluacionProveedorFacturas_Add
dbo;FI_LogEvaluacionProveedorFacturas_Del
dbo;FI_LogEvaluacionProveedorFacturas_Get
dbo;FI_LogOrdenes_Add
dbo;FI_NivelesAprobacion_Get
dbo;FI_ObservacionesLogAprobacionOrdenCompra
dbo;FI_ObservacionesLogAprobacionOrdenRequerimiento
dbo;FI_ObservacionesLogAprobacionOrdenServicio
dbo;FI_ObtenerUsuarioAprobacionRequerimiento
dbo;FI_OrdenDetalle_Get
dbo;FI_OrdenesDeCompra_Get
dbo;FI_OrdenesDeCompraPendientesAprobacion_Get
dbo;FI_OrdenesDeRequerimiento_Get
dbo;FI_OrdenesDeRequerimientoPendientesAprobacion_Get
dbo;FI_OrdenesDeServicio_Get
dbo;FI_OrdenesDeServicioPendientesAprobacion_Get
dbo;FI_QuejasReclamosProveedores_Get
dbo;FI_UsuarioAprobacionOrdenCompra
dbo;FI_UsuarioAprobacionOrdenRequerimiento
dbo;FI_UsuarioAprobacionOrdenServicio
dbo;GD_CorreosUsuario_Get
dbo;GD_DocumentosControlados_Activo
dbo;GD_DocumentosControlados_Add
dbo;GD_DocumentosMaestros_Update
dbo;GD_DocumentosOtroServidor_Get
dbo;GD_EscanerDocumentos_Add
dbo;GD_EscanerDocumentos_Del
dbo;GD_EscanerDocumentos_Edit
dbo;GD_EscanerDocumentos_Get
dbo;GD_Estados_Get
dbo;GD_EstadoSolicitud_Add
dbo;GD_EstadoSolicitud_Del
dbo;GD_EstadoSolicitud_Edit
dbo;GD_EstadoSolicitud_Get_F
dbo;GD_GD_MaestroDocumentos_Get2
dbo;GD_GD_RepositorioDocumentos_Add
dbo;GD_MaestroDocumentos_Add
dbo;GD_MaestroDocumentos_Add2
dbo;GD_MaestroDocumentos_Get
dbo;GD_Procesos_Add
dbo;GD_Procesos_Del
dbo;GD_Procesos_Edit
dbo;GD_Procesos_Get
dbo;GD_Procesos_Get_F
dbo;GD_RepositorioDocumentos_Get
dbo;GD_RepositorioDocumentos_GetXTrabajo
dbo;GD_Revisiones_Add
dbo;GD_Revisiones_Edit
dbo;GD_Revisiones_Get
dbo;GD_Revisiones_GetRev
dbo;GD_SolDocumentos_Add
dbo;GD_TipoSolicitud_Add
dbo;GD_TipoSolicitud_Del
dbo;GD_TipoSolicitud_Edit
dbo;GD_TipoSolicitud_Get
dbo;GD_TipoSolicitud_Get_F
dbo;GD_US_Usuarios_Get
dbo;INV_Articulos_Get
dbo;INV_Asignaciones_Add
dbo;INV_Asignaciones_Del
dbo;INV_Asignaciones_Edit
dbo;INV_Asignaciones_Get
dbo;INV_BU_Get
dbo;INV_Camaras_Get
dbo;INV_EstadoArticulo_Get
dbo;INV_EstadoConsumible_Get
dbo;INV_EstadoTablet_Get
dbo;INV_Legalizaciones_Add
dbo;INV_Legalizaciones_Del
dbo;INV_Legalizaciones_Edit
dbo;INV_Legalizaciones_Get
dbo;INV_LogAsignaciones_Add
dbo;INV_MantenimientoEquipos_Add
dbo;INV_MantenimientoEquipos_Edit
dbo;INV_MantenimientoEquipos_Get
dbo;INV_Papeleria_Get
dbo;INV_Perifericos_Get
dbo;INV_RegistroArticulos_Add
dbo;INV_RegistroArticulos_Asignado_Edit
dbo;INV_RegistroArticulos_Del
dbo;INV_RegistroArticulos_Edit
dbo;INV_RegistroArticulos_Get
dbo;INV_ReporteLegalizaciones
dbo;INV_ReporteRemanente
dbo;INV_Sede_Get
dbo;INV_StockConsumibles_Add
dbo;INV_StockConsumibles_Get
dbo;INV_StockxLegalizar_Get
dbo;INV_TipoLegalizacion_Get
dbo;INV_TipoMovimiento_Get
dbo;INV_ValorBono_Get
dbo;IQ_ActiviadesXTrabajo
dbo;IQ_ActividadesGet
dbo;IQ_ActividadesSubcontratadas
dbo;IQ_ActividadesSubcontratadasMigracion
dbo;IQ_ActividadesSubcontratadasRecalculo
dbo;IQ_ActualizarDatosTodoElProceso
dbo;IQ_ActualizarRevisadoAprobado
dbo;IQ_ActualizarValoresTotales
dbo;IQ_AjustarGM
dbo;IQ_AjustarVenta
dbo;IQ_AjustarVentaSimulacion
dbo;IQ_AjusteCostoOperaciones
dbo;IQ_AjusteCostoOperacionesMasivo
dbo;IQ_AjusteCostoOperacionesObtenerDatos
dbo;IQ_AlternativasPorPropuesta
dbo;IQ_AsignacionJBE_ProyectosCuali
dbo;IQ_AsignarJobBookInterno_GOP
dbo;IQ_BorrarAlternativa
dbo;IQ_BorrarCUPresupuesto-DATOSGRALES
dbo;IQ_BorrarMuestra
dbo;IQ_BorrarPresupuesto
dbo;IQ_BorrarPresupuestoMasivo
dbo;IQ_BorrarPresupuestoMasivoMigracion
dbo;IQ_BorrarProcesos
dbo;IQ_BorrarValorMistery
dbo;IQ_CalculoGeneralDiasCampo
dbo;IQ_CalculoProfessionalTime
dbo;IQ_CalculoProfessionalTime_ValorVenta
dbo;IQ_CalculoPyG
dbo;IQ_CalculosOPS_ToIQuote
dbo;IQ_CambiosJobBook_WORK
dbo;IQ_CARACARACostosDirectos
dbo;IQ_CARACARACostosDirectosRecalculo
dbo;IQ_CARACARAProductividad
dbo;IQ_CATICostosDirectos
dbo;IQ_CATIProductividad
dbo;IQ_CopiarUnPresupuesto
dbo;IQ_CopiarUnPresupuestoConFase
dbo;IQ_COSTO_ObraLabor
dbo;IQ_COSTO_PrestacionServicios
dbo;IQ_COSTOACTIVIDADES_GET_TO_IQUOTE
dbo;IQ_CostoOperacionJBI
dbo;IQ_CostosJobBookExterno
dbo;IQ_CostosJobBookExternoObserver
dbo;IQ_CostosJobBookExternoTotales
dbo;IQ_CostosJobBookInterno
dbo;IQ_CostosJobBookInternoTotales
dbo;IQ_CualiCostosAnexos
dbo;IQ_CUALICostosDirectos
dbo;IQ_CualiCostosReclutamiento
dbo;IQ_Cuantitativos
dbo;IQ_DiasDeCampo
dbo;IQ_DiasDeCampoMigracion
dbo;IQ_DistribuirMuestra
dbo;IQ_DistribuirMuestra_WORK
dbo;IQ_DuplicarAlternativa
dbo;IQ_DuplicarAlternativaCopiaRecalculo
dbo;IQ_DuplicarAlternativaToPropuesta
dbo;IQ_DuplicarParaRecalcular
dbo;IQ_EliminarTablasCAP
dbo;IQ_ENTREVISTASCostosDirectos
dbo;IQ_F4423
dbo;IQ_F4428
dbo;IQ_F5301
dbo;IQ_F5304
dbo;IQ_F5306
dbo;IQ_F5400_01_02
dbo;IQ_F5401_02
dbo;IQ_F5403
dbo;IQ_F5409
dbo;IQ_F5410_11_12
dbo;IQ_F5415
dbo;IQ_F5415_16_17
dbo;IQ_F5418_19_20
dbo;IQ_F5430
dbo;IQ_F5431
dbo;IQ_F5433
dbo;IQ_F5434
dbo;IQ_F5440
dbo;IQ_F5470
dbo;IQ_F5472
dbo;IQ_F5489
dbo;IQ_F5494
dbo;IQ_F5503
dbo;IQ_F5504
dbo;IQ_F5506
dbo;IQ_F5601
dbo;IQ_F5602
dbo;IQ_F5701
dbo;IQ_F5705
dbo;IQ_F5710
dbo;IQ_F5720
dbo;IQ_F6305
dbo;IQ_F6587
dbo;IQ_F8000
dbo;IQ_F8001
dbo;IQ_F8002
dbo;IQ_F8005
dbo;IQ_F8008
dbo;IQ_F8010
dbo;IQ_F8020
dbo;IQ_F8050
dbo;IQ_F8060
dbo;IQ_F8070
dbo;IQ_F850
dbo;IQ_F9997
dbo;IQ_FasesDisponiblesPorAlternativa
dbo;IQ_InsertarMuestra_WORK
dbo;IQ_JBARecalcular
dbo;IQ_JBARecalcularActualizarObservaciones
dbo;IQ_JBARecalcularCATI6587
dbo;IQ_JBARecalcularCrearLista
dbo;IQ_JBARecalcularGMOps
dbo;IQ_JBARecalcularScriptingHoras
dbo;IQ_LogCambiosJBI_Add
dbo;IQ_MensualizacionTrackings
dbo;IQ_MigracionCAPMasiva
dbo;IQ_MigracionCAPMasivaMigracion
dbo;IQ_MigracionCAPMigracion
dbo;IQ_MigracionManejoRevisadoAprobado
dbo;IQ_MigracionMarcarRevisado
dbo;IQ_MuestraInfoTrabajo
dbo;IQ_MuestraPorDificultad
dbo;IQ_ObtenerActControlCostos
dbo;IQ_ObtenerActCostosAutorizados
dbo;IQ_ObtenerActividades
dbo;IQ_ObtenerAlternativa
dbo;IQ_ObtenerAnalisisEstadisticos
dbo;IQ_ObtenerCargos
dbo;IQ_ObtenerCiudades
dbo;IQ_ObtenerCiudadesMuestra
dbo;IQ_ObtenerCiudadesMuestraGeneral
dbo;IQ_ObtenerControlCostosAutorizados
dbo;IQ_ObtenerCostoActividades
dbo;IQ_ObtenerDatosPropuesta
dbo;IQ_ObtenerDepartamentos
dbo;IQ_ObtenerDescPresupuesto
dbo;IQ_ObtenerFases
dbo;IQ_ObtenerFasesJB
dbo;IQ_ObtenerHistorialPreguntas
dbo;IQ_ObtenerHorasProfesionales
dbo;IQ_ObtenerHorasProfesionalesXAlternativa
dbo;IQ_ObtenerMetodologias
dbo;IQ_ObtenerMuestraCati
dbo;IQ_ObtenerMuestraCatiShow
dbo;IQ_ObtenerMuestraF2F
dbo;IQ_ObtenerMuestraOnLine
dbo;IQ_ObtenerMuestraOnLineShow
dbo;IQ_ObtenerMuestraXCiudad
dbo;IQ_ObtenerMuestraXCiudadCaraCara
dbo;IQ_ObtenerMuestraXCiudadCaraCaraShow
dbo;IQ_ObtenerNacionales
dbo;IQ_ObtenerNumAsistentes
dbo;IQ_ObtenerOfertas
dbo;IQ_ObtenerOpcionesMuestra
dbo;IQ_ObtenerPresupuestosAprobados
dbo;IQ_ObtenerPresupuestosControlCostos
dbo;IQ_ObtenerPresupuestosxPropuesta
dbo;IQ_ObtenerRolUsuario
dbo;IQ_ObtenerTecnicas
dbo;IQ_ObtenerUnidades
dbo;IQ_ObtenerValorFinanciacion
dbo;IQ_ObtenerValorMistery
dbo;IQ_ObtenerViaticosPresupuesto
dbo;IQ_ONLINECostosDirectos
dbo;IQ_ONLINECostosDirectosRecalculo
dbo;IQ_ONLINEProductividad
dbo;IQ_ParCuali_Calculos
dbo;IQ_PresupuestosPorPropuesta
dbo;IQ_ProfesionalFeesExterno
dbo;IQ_ProfesionalFeesInterno
dbo;IQ_ProfesionalTimeHorasExterno
dbo;IQ_ProfesionalTimeHorasInterno
dbo;IQ_PruebaValores
dbo;IQ_RecalcularGMUnidadIncentivos
dbo;IQ_SESIONESCostosDirectos
dbo;IQ_Simulador
dbo;IQ_SimuladorCostosOperaciones
dbo;IQ_SolicitarCambioGM
dbo;IQ_SolicitudesCambiosGM_Get
dbo;IQ_SolicitudesSimulador
dbo;IQ_TipoPresupuestosXCuPresupuesto
dbo;IQ_TotalizarMuestra
dbo;IQ_UpdateJobBookInterno
dbo;IQ_UpdateParNumJobBook
dbo;IQ_UsuarioAutorizadoModificacionGM
dbo;IQ_ValorVenta
dbo;IQ_ValorVentaCualitativo
dbo;LogEjecucionAdd
dbo;MBO_AOTAcquisition
dbo;MBO_AOTBorrarMigracion
dbo;MBO_AOTCargarAMarzo
dbo;MBO_AOTMigracionBorrarUnCaso
dbo;MBO_CUEncuestasAprobadas
dbo;MBO_CUEncuestasAprobadasAñoMes
dbo;MBO_CUEncuestasAprobadasPorMetodologia
dbo;MBO_ObtenerUnidadesUsuario
dbo;MBO_PGAOTBudgetEjecucionAñoMes
dbo;MBO_PGAOTBudgetEjecucionUnidad
dbo;MBO_PGAOTBudgetMetaTotal
dbo;MBO_PGAOTEjecucionTotal
dbo;MBO_PGAOTPorUnidadGerente
dbo;MBO_PGGestionMatrix
dbo;MBO_PGIndicesManuales
dbo;MBO_PropuestasAltaProbabilidadPorActualizar
dbo;MBO_PropuestasAltaProbabilidadUnidad
dbo;MBO_PropuestasAprobadasSinAnuncioActualizar
dbo;MBO_PropuestasAprobadasSinTrabajo
dbo;MBO_PropuestasAprobadasSinTrabajoPorUnidad
dbo;MBO_PropuestasAprobadasSinTrabajoUnidadMetodo
dbo;MBO_PropuestasCreadasEnviadasSinAnuncioActualizar
dbo;MBO_PropuestasCreadasEnviadasSinAnuncioGC
dbo;NSE_Get
dbo;ObtenerFestivos
dbo;ObtenerMuestraXCiudadCaraCara
dbo;ObtenerUsuarios
dbo;OP_ActivarEncuesta_Del
dbo;OP_ActividadesProduccionGet
dbo;OP_AjusteProduccionAutoCiudad
dbo;OP_CampoCuali_Get
dbo;OP_CampoCualiDuplicar
dbo;OP_ConfigIfieldData_ADD
dbo;OP_CorreoAnulacionEncuestas
dbo;OP_CuantiPlanillas_GET
dbo;OP_CuantiPlanillas_Liquidar
dbo;OP_CuantiPlanillas_Remove
dbo;OP_CuantiPlanillas_Update
dbo;OP_CuantiPlanillasPendientes_GET
dbo;OP_CuantiPlanillasSinPresupuesto_GET
dbo;OP_CuantiPlanillasTrabajos_GET
dbo;OP_CuantiProduccionDistribucionSS_GET
dbo;OP_CuantiProduccionPrevioPorTrabajo
dbo;OP_CuantiProduccionProductividad_EnviarAProduccion
dbo;OP_CuantiProduccionProductividad_GET
dbo;OP_CuantiProduccionProductividadStatus_GET
dbo;OP_CuantiProduccionProductividadTrabajos_GET
dbo;OP_CuantiProduccionPSTUpdate
dbo;OP_CuantiProduccionTempoPorTrabajo
dbo;OP_CuantiResumenProduccionCorte_Bono_Jobs_GET
dbo;OP_CuantiResumenProduccionCorte_GET
dbo;OP_CuantiResumenProduccionCorte_Resumen_Tercero_GET
dbo;OP_Encuestadores_Add
dbo;OP_Encuestadores_Del
dbo;OP_Entrevistados_Cuali_Add
dbo;OP_Entrevistados_Cuali_Get
dbo;OP_Entrevistas_Add
dbo;OP_Entrevistas_Del
dbo;OP_Entrevistas_Edit
dbo;OP_Entrevistas_Get
dbo;OP_EntrevistasCuali_Distribucion_Add
dbo;OP_EntrevistasCuali_DistribucionGet
dbo;OP_ExisteEncuestaAnulada
dbo;OP_FichaCuantitativo_Add
dbo;OP_FichaCuantitativo_Del
dbo;OP_FichaCuantitativo_Edit
dbo;OP_FichaCuantitativo_Get
dbo;OP_FichaEntrevistas_Add
dbo;OP_FichaEntrevistas_Del
dbo;OP_FichaEntrevistas_Edit
dbo;OP_FichaEntrevistas_Get
dbo;OP_FichaObservaciones_Add
dbo;OP_FichaObservaciones_Del
dbo;OP_FichaObservaciones_Edit
dbo;OP_FichaObservaciones_Get
dbo;OP_FichaSesiones_Add
dbo;OP_FichaSesiones_Del
dbo;OP_FichaSesiones_Edit
dbo;OP_FichaSesiones_Get
dbo;OP_Filtros_CrearCopia
dbo;OP_Filtros_Get
dbo;OP_GestionCampo_ActivarEncuesta
dbo;OP_GestionCampo_AnularEncuesta
dbo;OP_GestionCampo_ExisteEncuesta
dbo;OP_IPS_Ejecucion_Add
dbo;OP_IPS_Ejecucion_Del
dbo;OP_IPS_Ejecucion_Edit
dbo;OP_IPS_Ejecucion_Get
dbo;OP_IPS_Revision_Add
dbo;OP_IPS_Revision_Del
dbo;OP_IPS_Revision_Edit
dbo;OP_IPS_Revision_Get
dbo;OP_JBE_JBI_CC_Get
dbo;OP_ListaActividades_Get
dbo;OP_ListadoCampoCualiXSegmento
dbo;OP_ListadoPersonasAsignadasTrabajo
dbo;OP_LogEntrevistasCuali_Get
dbo;OP_LogInHomeCuali_Get
dbo;OP_LogSesionesCuali_Get
dbo;OP_Metodologias_Get
dbo;OP_MuestraTrabajosCuali_EntrevistasGet
dbo;OP_MuestraTrabajosCuali_Get
dbo;OP_MuestraTrabajosCuali_InHomeGet
dbo;OP_MuestraTrabajosCuali_SesionesGet
dbo;OP_MuestraTrabajosDuplicar
dbo;Op_MuestraTrabajosGet
dbo;OP_MuestraTrabajosUpdateFechas
dbo;OP_Obs_Entrevistados_Cuali_Get
dbo;OP_Observaciones_Add
dbo;OP_Observaciones_Del
dbo;OP_Observaciones_Edit
dbo;OP_Observaciones_Get
dbo;OP_PersonalSinProduccion
dbo;OP_PersonasAsignadasTrabajo_Get
dbo;OP_PersonasCapacitadasSinAsignadarTrabajo_Get
dbo;OP_PL_CodificacionPersonas
dbo;OP_PL_CodificacionPersonasFactor
dbo;OP_PL_CodificacionPreguntas
dbo;OP_PL_CodificacionPreguntasFactor
dbo;OP_PL_CriticaEncuestas
dbo;OP_PL_CriticaEncuestasFactor
dbo;OP_PL_CriticaPersonas
dbo;OP_PL_CriticaPersonasFactor
dbo;OP_PL_DigitacionPersonas
dbo;OP_PL_DigitacionPersonasFactor
dbo;OP_PL_DigitacionPreguntas
dbo;OP_PL_DigitacionPreguntasFactor
dbo;OP_PL_Encuestadores
dbo;OP_PL_EncuestadoresFactor
dbo;OP_PL_EncuestadoresXCiudad
dbo;OP_PL_EncuestadoresXCiudadFactor
dbo;OP_PL_EncuestadoresXGerencia
dbo;OP_PL_EncuestadoresXGerenciaFactor
dbo;OP_PL_EncuestadoresXMetodologia
dbo;OP_PL_EncuestadoresXMetodologiaFactor
dbo;OP_PL_EncuestadoresXUnidad
dbo;OP_PL_EncuestadoresXUnidadFactor
dbo;OP_PL_Encuestas
dbo;OP_PL_EncuestasFactor
dbo;OP_PL_EncuestasXCiudad
dbo;OP_PL_EncuestasXCiudadFactor
dbo;OP_PL_EncuestasXGerencia
dbo;OP_PL_EncuestasXGerenciaFactor
dbo;OP_PL_EncuestasXMetodologia
dbo;OP_PL_EncuestasXMetodologiaFactor
dbo;OP_PL_EncuestasXUnidad
dbo;OP_PL_EncuestasXUnidadFactor
dbo;OP_PL_EstudiosSinEntregarEncuestas
dbo;OP_PL_EstudiosSinEntregarEncuestas_Datos
dbo;OP_PL_EstudiosSinEntregarRecursos
dbo;OP_PL_EstudiosSinEntregarRecursos_Datos
dbo;OP_PL_PivotDatosCampo
dbo;OP_PL_PivotDatosGenerales
dbo;OP_PL_PivotEstudiosSinEntregar
dbo;OP_PL_PivotPropuestasAltaProbabilidad
dbo;OP_PL_PivotPropyEst
dbo;OP_PL_ProcesamientoPersonas
dbo;OP_PL_ProcesamientoPersonasFactor
dbo;OP_PL_ProcesamientoTrabajos
dbo;OP_PL_ProcesamientoTrabajosFactor
dbo;OP_PL_PropuestasAltaProbabilidadEncuestas
dbo;OP_PL_PropuestasAltaProbabilidadEncuestas_Datos
dbo;OP_PL_PropuestasAltaProbabilidadRecursos
dbo;OP_PL_PropuestasAltaProbabilidadRecursos_Datos
dbo;OP_PL_PropyEstEncuestas
dbo;OP_PL_PropyEstEncuestas_Datos
dbo;OP_PL_PropyEstRecursos
dbo;OP_PL_PropyEstRecursos_Datos
dbo;OP_PL_ScriptingPersonas
dbo;OP_PL_ScriptingPersonasFactor
dbo;OP_PL_ScriptingTrabajos
dbo;OP_PL_ScriptingTrabajosFactor
dbo;OP_PL_VerificacionHoras
dbo;OP_PL_VerificacionHorasFactor
dbo;OP_PL_VerificacionPersonas
dbo;OP_PL_VerificacionPersonasFactor
dbo;OP_PlaneaccionProduccionAutomatica
dbo;OP_PlaneaccionProduccionAutomaticaPorCiudad
dbo;OP_PlaneaccionProduccionManual
dbo;OP_Planeacion_ActivarEstimacion
dbo;OP_Planeacion_CambioFechasGeneralesCampo
dbo;OP_Planeacion_CambioFechasGeneralesCampoAutomatico
dbo;OP_Preguntas_Filtro_ActualizarOrden
dbo;OP_Preguntas_Filtro_Get
dbo;OP_Preguntas_Filtro_ReOrdenar
dbo;OP_PresupuestosAsignacionJBI
dbo;OP_ProcessSyncFromIField_SP_Process
dbo;OP_Produccion_Add
dbo;OP_Produccion_Edit
dbo;OP_Produccion_Get
dbo;OP_Programados_Entrevistados_Cuali_Get
dbo;OP_ProyectosIField_ADD
dbo;OP_Respuestas_Filtro_Detalle_Get
dbo;OP_Respuestas_Filtro_Maestro_Get
dbo;OP_Respuestas_FiltroReclutamiento_Maestro_Get
dbo;OP_RO_EjecucionCuestionario_Add
dbo;OP_RO_EjecucionCuestionario_Del
dbo;OP_RO_EjecucionCuestionario_Edit
dbo;OP_RO_EjecucionCuestionario_Get
dbo;OP_RO_EjecucionInstructivo_Add
dbo;OP_RO_EjecucionInstructivo_Del
dbo;OP_RO_EjecucionInstructivo_Edit
dbo;OP_RO_EjecucionInstructivo_Get
dbo;OP_RO_EjecucionMaterialAyuda_Add
dbo;OP_RO_EjecucionMaterialAyuda_Del
dbo;OP_RO_EjecucionMaterialAyuda_Edit
dbo;OP_RO_EjecucionMaterialAyuda_Get
dbo;OP_RO_EjecucionMetodologia_Add
dbo;OP_RO_EjecucionMetodologia_Del
dbo;OP_RO_EjecucionMetodologia_Edit
dbo;OP_RO_EjecucionMetodologia_Get
dbo;OP_RO_RevisionCuestionario_Add
dbo;OP_RO_RevisionCuestionario_Del
dbo;OP_RO_RevisionCuestionario_Edit
dbo;OP_RO_RevisionCuestionario_Get
dbo;OP_RO_RevisionInstructivo_Add
dbo;OP_RO_RevisionInstructivo_Del
dbo;OP_RO_RevisionInstructivo_Edit
dbo;OP_RO_RevisionInstructivo_Get
dbo;OP_RO_RevisionMaterialAyuda_Add
dbo;OP_RO_RevisionMaterialAyuda_Del
dbo;OP_RO_RevisionMaterialAyuda_Edit
dbo;OP_RO_RevisionMaterialAyuda_Get
dbo;OP_RO_RevisionMetodologia_Add
dbo;OP_RO_RevisionMetodologia_Del
dbo;OP_RO_RevisionMetodologia_Edit
dbo;OP_RO_RevisionMetodologia_Get
dbo;OP_Sesiones_Add
dbo;OP_Sesiones_Del
dbo;OP_Sesiones_Edit
dbo;OP_Sesiones_Get
dbo;OP_SupervisionCampoTelefonico_Add
dbo;OP_SupervisionNoEstudioMax_Get
dbo;OP_TrabajoConfiguracion_Add
dbo;OP_TrabajoConfiguracion_Get
dbo;OP_Trabajos_CallCenter_Get
dbo;OP_Trabajos_Get
dbo;OP_Trabajos_xCoordinador_Get
dbo;OP_TrabajosParaAsignacionCOE
dbo;OP_TrabajosPorGerencia
dbo;OP_TrabajosPorUnidadBU
dbo;OP_TraficoArhivos_GetDisponibleDevolucion
dbo;OP_TraficoArhivos_GetDisponibleEnvio
dbo;OP_TraficoArhivos_MuestraEnviadaRMC
dbo;OP_TraficoEncuesta_GetCritica
dbo;OP_TraficoEncuesta_GetRMC
dbo;OP_TraficoEncuestas_Add_RMC
dbo;OP_TraficoEncuestas_Edit_Critica
dbo;OP_TraficoEncuestas_Edit_Verificacion
dbo;OP_TraficoEncuestas_Get
dbo;OP_TraficoEncuestas_ListadoGet
dbo;OP_TraficoEncuestasBorrarEnvio
dbo;OP_TraficoEncuestasCiudad
dbo;OP_TraficoEncuestasMuestraCiudadesRMC
dbo;OP_Transcripciones_Add
dbo;OP_Transcripciones_Del
dbo;OP_Transcripciones_Edit
dbo;OP_Transcripciones_Get
dbo;OP_UnidadesProduccionGet
dbo;PNC_Causa_Get
dbo;PNC_EmailAcciones
dbo;PNC_EmailNotificacionReporte
dbo;PNC_GetById
dbo;PNC_ObtenerProductoNoConforme
dbo;PNC_ObtenerProductoNoConformeTodos
dbo;PNC_Producto_UpdateEstado
dbo;PNC_ProductoNoConformeAcciones_Get
dbo;PNC_ProductoNoConformeCausas_Get
dbo;PNC_Productos_Add
dbo;PNC_Productos_Causas_Add
dbo;PNC_Productos_CorreosNotificar
dbo;PNC_Productos_Get
dbo;PNC_Productos_Log_Estado_Add
dbo;PNC_Productos_Log_Get
dbo;PNC_Seguimiento_Get
dbo;PY_ControlCalidad_Add
dbo;PY_ControlCalidad_Del
dbo;PY_ControlCalidad_Edit
dbo;PY_ControlCalidad_Get
dbo;PY_CoordinadorProyecto_Cuali
dbo;PY_DetalleControlCalidad_Add
dbo;PY_DetalleControlCalidad_DelxIdControl
dbo;PY_DetalleControlCalidad_Get
dbo;PY_DetalleEvaluacion_Add
dbo;PY_DetalleEvaluacion_DelXIdEvaluacion
dbo;PY_DetalleEvaluacion_Get
dbo;PY_Evaluacion_Add
dbo;PY_Evaluacion_Del
dbo;PY_Evaluacion_Edit
dbo;PY_Evaluacion_Get
dbo;PY_GerenteProyecto_Cuali
dbo;PY_InfoTrabajoCreacion
dbo;PY_ObtenerEspecifXIdxTr
dbo;PY_ObtenerVerEspecifTecTr
dbo;PY_Preguntas_Add
dbo;PY_Preguntas_Edit
dbo;PY_Preguntas_Get
dbo;PY_Presupuestos_CU_Estudios_Get
dbo;PY_Proyecto_Add
dbo;PY_Proyecto_Presupuesto_Add
dbo;PY_Proyecto_Presupuesto_Del
dbo;PY_Proyecto_Presupuesto_Get
dbo;PY_Proyectos_Edit
dbo;PY_Proyectos_EditGerentePY
dbo;PY_Proyectos_Get
dbo;PY_Proyectos_Get_XAsignar
dbo;PY_Proyectos_Get_XREAsignar
dbo;PY_ReporteProyectosSinJBI
dbo;PY_SegmentosCuali_Get
dbo;PY_SegmentosCuali_Moderadores_Get
dbo;PY_SegmentosCuali_Reclutadores_Get
dbo;PY_SegmentosCualiDuplicar
dbo;PY_Tipos_Procesos_Get
dbo;PY_TiposProyectos_Get
dbo;PY_Trabajo_Add
dbo;PY_Trabajo_Del
dbo;PY_Trabajo_Edit
dbo;PY_Trabajo_Entrega_Cuali_Entrevistas
dbo;PY_Trabajo_Entrega_Cuali_Observaciones
dbo;PY_Trabajo_Entrega_Cuali_Sesiones
dbo;PY_Trabajo_Entrega_Cualitativo
dbo;PY_Trabajo_Entrega_Cuantitativo
dbo;PY_Trabajo_Get
dbo;PY_Trabajo_Get_All
dbo;PY_Trabajo_GetProyecto
dbo;PY_Trabajo_NombreTrabajoYaExiste
dbo;PY_Trabajo_PreEntrega
dbo;PY_TrabajoCuali_Get
dbo;Py_TrabajoDuplicar
dbo;PY_Trabajos_COES
dbo;PY_Trabajos_Coordinador_Get
dbo;PY_Trabajos_Get
dbo;PY_Trabajos_GET_All
dbo;PY_Trabajos_Get_Cualitativos
dbo;PY_Trabajos_Get_V2
dbo;PY_Trabajos_Get_WithoutMetodCampo_Estadistica
dbo;PY_TrabajosConTareaEntregaDeProyectos
dbo;PY_TrabajosCuali_GET_All
dbo;PY_TrabajosMoverCentroInformacion
dbo;PY_TrabajosxProyectosxCoordinador
dbo;PY_TrabajosxProyectosxGerente
dbo;PY_Unidades_ProyectosSinJBI_Get
dbo;REP_AnalisisIndicadores_Add
dbo;REP_AnalisisIndicadores_Get
dbo;REP_AsignacionEjecucionCampo
dbo;REP_AsignacionRecursosXUnidad
dbo;REP_AvanceCampoGeneral
dbo;REP_Calidad_ErroresRO_COE
dbo;REP_Calidad_ErroresRO_COE_Detalle
dbo;REP_Calidad_ErroresRO_GerenteProyectos
dbo;REP_Calidad_ErroresRO_GerenteProyectos_Detalle
dbo;REP_Calidad_ErroresRO_ResponsableTarea
dbo;REP_Calidad_ErroresRO_ResponsableTarea_Detalle
dbo;REP_CantidadEnviadaTrafico
dbo;REP_CiudadesAgrupacionDiezPrincipales
dbo;REP_ConteoTrabajos
dbo;REP_DetalleOrdenesComprayServicio_WORK
dbo;REP_Diligenciamiento_Esquema_Analisis
dbo;REP_EjecucionXEncuestador
dbo;REP_EjecucionXSupervisor
dbo;REP_EncuestasAnuladas
dbo;REP_Envio_Propuestas_48Horas
dbo;REP_ErroresInstrumento
dbo;REP_ErroresRegistroObservaciones
dbo;REP_ErroresRegistroObservacionesDetalle
dbo;REP_EstudiosAtrasadosxGerencia
dbo;REP_EvaluacionProveedores
dbo;REP_EvaluacionProveedores_Ops
dbo;REP_FACTURASPENDIENTESFIRMAYRECHAZADAS_WORK
dbo;REP_FacturasRadicadas
dbo;REP_FichaEncuestador_Datos
dbo;REP_FichaEncuestador_EncuestasMetodologia
dbo;REP_FichaEncuestador_TrabajosParticipado
dbo;REP_GanttPlaneacionAll
dbo;REP_GanttPlaneacionAllOPS
dbo;REP_Inconsistencias
dbo;REP_IndicacionesPropuestayBrief
dbo;REP_IndicacionesPropuestayBriefXGerente
dbo;REP_IndicacionesPropuestayBriefxUnidades
dbo;REP_IndicadoresCronogramaTareasByIdTrabajo
dbo;REP_IndicadoresCumplimientoAlTiempoATiempo
dbo;REP_IndicadoresCumplimientoAlTiempoATiempo_Detalle
dbo;REP_IndicadoresCumplimientoTareas
dbo;REP_IndicadoresCumplimientoTareas_COE
dbo;REP_IndicadoresCumplimientoTareasDetalle
dbo;REP_IndicadoresCumplimientoTareasDetalle_COE
dbo;REP_IndicadoresCumplimientoTareasRange
dbo;REP_InfoBaseProduccionAreasInternas
dbo;REP_InformeAnuladasExportado
dbo;REP_InformeAnuladasxCiudad
dbo;REP_InformeConsolidadoEjecucion
dbo;REP_InformeConsolidadoEjecucion_Detalle
dbo;REP_InformeTablets_Agrupado
dbo;REP_InformeTablets_Diario
dbo;REP_ListadoBriefDirector
dbo;REP_ListadoEstudiosSeguimiento
dbo;REP_ListadoPlaneacionUnidades
dbo;REP_ListadoPropuestasDirector
dbo;REP_ListadoPropuestasSeguimiento
dbo;REP_ListadoTrabajosCCT
dbo;REP_MatrizEstimacionCumplimiento
dbo;REP_MatrizEstimacionCumplimientoGeneral
dbo;REP_OP_Respuestas_Filtro
dbo;REP_OrdenesCompra_Facturas
dbo;REP_OrdenesServicio_Facturas
dbo;REP_OrdenesSinFactura_Work
dbo;REP_OrdenesUnificado_Facturas
dbo;REP_OrdenesUnificado_RequerimientosServicio
dbo;REP_PL_EstimacionXEstudiosNoEntregados
dbo;REP_PL_EstimacionXPropuestas
dbo;REP_PLANEACION_GENERAL_OP_TABULADO
dbo;REP_PlaneacionTrabajosDetalleSemana
dbo;REP_PlaneacionTrabajosGeneral
dbo;REP_PlaneacionTraficoOperacionesBDD
dbo;REP_Porcentaje_Diligenciamiento_Brief
dbo;REP_ProduccionCampoxFecha
dbo;REP_PROPUESTAS_CON_TRABAJO_WORK
dbo;REP_PY_IDFORMS
dbo;REP_PY_Variables_Control
dbo;REP_PY_Variables_Control_PorMes
dbo;REP_PY_VariablesControlEmpleadosConEvaluacion
dbo;REP_PYPropuesta_InfoGeneral
dbo;REP_PYPropuesta_InfoMuestra
dbo;REP_PYPropuesta_InfoPreguntas
dbo;REP_RegistroObservaciones
dbo;REP_RegistroObservaciones_Consolidado
dbo;REP_RegistroObservacionesInstrumento
dbo;REP_RegistroObservacionesTarea
dbo;REP_RegistroObservacionesTipo
dbo;REP_RegistroObservacionesUsuario
dbo;REP_TiemposRevisionPresupuestosListado
dbo;REP_TiemposRevisionPresupuestosResumen
dbo;REP_TipoRecoleccionPorMes
dbo;REP_Top10Encuestadores_Anulacion
dbo;REP_Top10Encuestadores_Errores
dbo;REP_Top10Encuestadores_VIP
dbo;REP_TrabajosVsPresupuestos
dbo;REP_TrabajosxGerencia
dbo;REP_TrabajosxGerencia_Filtrados
dbo;REP_TrabajosxGrupoUnidadBU
dbo;REP_TRAFICO_GENERAL_OPERACIONES
dbo;REP_TRAFICO_PROCESAMIENTO
dbo;REP_TraficoAreas
dbo;REP_TraficoAreasGeneral
dbo;REP_TraficoAreasGeneralTrabajos
dbo;RP_PlanUnTrabajo
dbo;RP_PlanUnTrabajoIniciaFin
dbo;RU_ActualizarUltimaEjecucion
dbo;RU_ObtenerReglas
dbo;RU_ValidarCondicion
dbo;SG_Acta_Add
dbo;SG_Acta_Del
dbo;SG_Acta_Edit
dbo;SG_Acta_Get
dbo;SG_Acta_Get_NoActa
dbo;SG_Acta_Get_TipoActa
dbo;SG_Acta_Get_TipoActa_combo
dbo;SG_Acta_Get_Unidad
dbo;SG_Acta_GetPQR
dbo;SG_Acta_UltimoNoActa
dbo;SG_ActaComite_Add
dbo;SG_ActaComite_Edit
dbo;SG_ActaComite_Get
dbo;SG_ActaComite_Get_Id
dbo;SG_AsistenteActaComite_Add
dbo;SG_AsistenteActaComite_Del
dbo;SG_AsistenteActaComite_Edit
dbo;SG_AsistenteActaComite_Get_ActaId
dbo;SG_EstadoSeguimiento_Get
dbo;SG_ParticipanteActa_Add
dbo;SG_ParticipanteActa_Del
dbo;SG_ParticipanteActa_Edit
dbo;SG_ParticipanteActa_Get
dbo;SG_ParticipanteActa_Get_ActaId
dbo;SG_Seguimiento_Add
dbo;SG_Seguimiento_Del
dbo;SG_Seguimiento_Edit
dbo;SG_Seguimiento_Get
dbo;SG_Seguimiento_Get_TareaId
dbo;SG_Seguimiento_Ultimo_Id
dbo;SG_SeguimientosActaComite_Add
dbo;SG_SeguimientosActaComite_Del
dbo;SG_SeguimientosActaComite_Edit
dbo;SG_SeguimientosActaComite_Get
dbo;SG_Tarea_Add
dbo;SG_Tarea_Del
dbo;SG_Tarea_Edit
dbo;SG_Tarea_EditEstadoId
dbo;SG_Tarea_Get
dbo;SG_Tarea_Get_ActaId
dbo;SG_TipoReunion_Get
dbo;SGC_AI_AuditoriaInforme_Add
dbo;SGC_AI_Auditorias_InformeAuditor_AuditadosByAuditoriaId
dbo;SGC_AI_Auditorias_InformeAuditor_HallazgosByAuditoriaId
dbo;SGC_AI_Auditorias_InformeAuditorByAuditoriaId
dbo;SGC_AI_AuditoriasBy
dbo;SGC_AuditoriasInternas_Add
dbo;sp_alterdiagram
dbo;SP_CONSULTA_UU_PROVEEDORES_FACTURAS_WORK
dbo;sp_creatediagram
dbo;sp_dropdiagram
dbo;sp_eq_desactivar_maestro
dbo;sp_eq_obtener_versiones
dbo;sp_helpdiagramdefinition
dbo;sp_helpdiagrams
dbo;sp_renamediagram
dbo;sp_upgraddiagrams
dbo;t_Faltantes
dbo;t_Resultados
dbo;TH_Area_Get
dbo;TH_Area_JefeArea_Get
dbo;TH_AspiracionSalarial_Get
dbo;TH_Ausencia_DiaRegreso
dbo;TH_Ausencia_DiferenciaDias
dbo;TH_AUSENCIA_GET
dbo;TH_AusenciasEquipo_Get
dbo;TH_AusenciasPersonas_Get
dbo;TH_AusenciasSubordinados_Add
dbo;TH_AusenciasSubordinados_Get
dbo;TH_AusenciasSubordinados_Remove
dbo;TH_Bandas_Get
dbo;TH_BeneficiosPendientes
dbo;TH_Capacitaciones_Add
dbo;TH_Capacitaciones_AddRefuerzo
dbo;TH_Capacitaciones_Del
dbo;TH_Capacitaciones_Edit
dbo;TH_Capacitaciones_Get
dbo;TH_CapacitacionesParticipantes_Add
dbo;TH_CapacitacionesParticipantes_Del
dbo;TH_CapacitacionesParticipantes_DelXCapacitacionID
dbo;TH_CapacitacionesParticipantes_Edit
dbo;TH_CapacitacionesParticipantes_Get
dbo;TH_CapacitacionGeneralAdd
dbo;TH_CapacitacionGeneralGet
dbo;TH_CapacitacionGeneralUpdate
dbo;TH_CapacitacionParticipantes_Get
dbo;TH_CapacitacionPersonas_Get
dbo;TH_Cargo_Get
dbo;TH_Cargos_Get
dbo;TH_CargosCapacitacionesRefuerzo
dbo;TH_CarnetAdd
dbo;TH_CarnetUpdate
dbo;TH_CarnetXPersonaGet
dbo;TH_CausarPeriodoVacaciones
dbo;TH_CiudadxPaisGet
dbo;TH_ContactosEmergencia_Add
dbo;TH_ContactosEmergencia_Del
dbo;TH_ContactosEmergencia_Get
dbo;TH_ContactosEmergencia_Report
dbo;TH_ContratistaActualizarEstado
dbo;TH_ContratistasAdd
dbo;TH_ContratistasDetalleServiciosAdd
dbo;TH_ContratistasDetalleServiciosGet
dbo;TH_ContratistasDetalleServiciosUpdate
dbo;TH_ContratistasEstadosGet
dbo;TH_ContratistasGet
dbo;TH_ContratistaUpdate
dbo;TH_DesvinculacionEmpleadoAreaEvaluacion_Add
dbo;TH_DesvinculacionEmpleadoFinalizarProceso
dbo;TH_DesvinculacionEmpleadosAdd
dbo;TH_DesvinculacionEmpleadosAreasApruebanInfo
dbo;TH_DesvinculacionEmpleadosEstatus
dbo;TH_DesvinculacionEmpleadosEstatusEvaluacionesPorDesvinculacion
dbo;TH_DesvinculacionEmpleadosEvaluacionesRealizadasPorEvaluador
dbo;TH_DesvinculacionesEmpleadosEmpleadoInfo
dbo;TH_DesvinculacionesEmpleadosFinalizarProceso
dbo;TH_DesvinculacionesEmpleadosItemsVerificarPorArea
dbo;TH_DesvinculacionesEmpleadosPendientesEvaluarPorArea
dbo;TH_DesvinculacionesEmpleadosPendientesEvaluarPorEvaluador
dbo;TH_DetalleTipoEncuestador_Del
dbo;TH_DetalleTipoEncuestadorAdd
dbo;TH_DetalleTipoEncuestadorGet
dbo;TH_DominioIdioma_Get
dbo;TH_Educacion_Add
dbo;TH_Educacion_Del
dbo;TH_Educacion_Get
dbo;TH_Educacion_Report
dbo;TH_Empleados_DatosEmergencia_Get
dbo;TH_Empleados_DatosGenerales_Add
dbo;TH_Empleados_DatosGenerales_Edit
dbo;TH_Empleados_DatosLaborales_Edit
dbo;TH_Empleados_DatosPersonales_Edit
dbo;TH_Empleados_EstadoDiligenciamientoDatos_Get
dbo;TH_Empleados_Get
dbo;TH_Empleados_NivelIngles_Edit
dbo;TH_Empleados_Nomina_Edit
dbo;TH_Empleados_Reintegrar
dbo;TH_Empleados_Reporte_Info
dbo;TH_Empleados_Retirar
dbo;TH_EmpleadosActivos_Get
dbo;TH_Empresas_Get
dbo;TH_EstadoCivil_Get
dbo;TH_EstadoEducacion_Get
dbo;TH_EvaluacionesAdd
dbo;TH_EvaluacionesGet
dbo;TH_EvaluacionesUpdate
dbo;TH_ExperienciaLaboral_Add
dbo;TH_ExperienciaLaboral_Del
dbo;TH_ExperienciaLaboral_Get
dbo;TH_ExperienciaLaboral_Report
dbo;TH_GetCausacionVacaciones
dbo;TH_GetLogPersonas
dbo;TH_Hijos_Add
dbo;TH_Hijos_Del
dbo;TH_Hijos_Get
dbo;TH_Hijos_Report
dbo;TH_HojasVida_Add
dbo;TH_HojasVida_Entrevistas_Add
dbo;TH_HojasVida_Entrevistas_Delete
dbo;TH_HojasVida_Entrevistas_Get
dbo;TH_HojasVida_ExperienciasLaborales_Add
dbo;TH_HojasVida_ExperienciasLaborales_Del
dbo;TH_HojasVida_ExperienciasLaborales_Get
dbo;TH_HojasVida_Get
dbo;TH_HojasVida_Keywords_Add
dbo;TH_HojasVida_Keywords_Delete
dbo;TH_HojasVida_Profesiones_Get
dbo;TH_HojasVida_Update
dbo;TH_HojaVida_Add
dbo;TH_HojaVida_Del
dbo;TH_HojaVida_Edit
dbo;TH_HojaVida_Get
dbo;TH_HojaVida_GetIdentificacion
dbo;TH_HWH_AprobacionManager_Get
dbo;TH_Idiomas_Add
dbo;TH_Idiomas_Del
dbo;TH_Idiomas_Edit
dbo;TH_Idiomas_Get
dbo;TH_Jefes_Get
dbo;TH_JobFunctions_Get
dbo;TH_Levels_Get
dbo;TH_Localidades_Get
dbo;TH_LogContratistaGet
dbo;TH_LogContratistasAdd
dbo;TH_LogPersonasAdd
dbo;TH_LogPersonasContratistasAdd
dbo;TH_LogTeleTrabajoAdd
dbo;TH_ModalidadesEducacion_Get
dbo;TH_MotivosCambioSalario_Get
dbo;TH_NivelCargo_Get
dbo;TH_NivelesIdiomas_Get
dbo;TH_NivelEstudio_Get
dbo;TH_PaisGet
dbo;TH_Parentescos_Get
dbo;TH_ParticipantesCapacitacionesNoAprobaron
dbo;TH_ParticipantesCapacitacionesRefuerzo
dbo;TH_Personas_Edit
dbo;TH_Personas_Get
dbo;TH_PersonasContratistaUpdateEstado
dbo;TH_PersonasGET
dbo;TH_PersonasXTipoContratoGET
dbo;TH_PersonaXTipoContratacionGet
dbo;TH_Profesiones_Get
dbo;TH_Promociones_Add
dbo;TH_Promociones_Del
dbo;TH_Promociones_Get
dbo;TH_REP_Ausentismo
dbo;TH_REP_Beneficios
dbo;TH_REP_Incapacidades
dbo;TH_REP_SolicitudesPendientesAprobacion
dbo;TH_REP_StatusVacaciones
dbo;TH_REP_VacacionesDetallado
dbo;TH_REP_VacacionesNomina
dbo;TH_REPCambiosContratacion
dbo;TH_Reporte_PST_CT
dbo;TH_ReportePSTSinProduccionXFecha
dbo;TH_Salarios_Add
dbo;TH_Salarios_Del
dbo;TH_Salarios_Get
dbo;TH_ServicioContratistaGet
dbo;TH_ServiciosContratistasCuentasContables_Get
dbo;TH_Sexo_Get
dbo;TH_SolicitudAusenciaAnular
dbo;TH_STGAdd
dbo;TH_STGGet
dbo;TH_STGUpdate
dbo;TH_TeletrabajoAdd
dbo;TH_TeletrabajoGet
dbo;TH_TeleTrabajoJefeXId
dbo;TH_TeleTrabajoJefeXJefe
dbo;TH_TeletrabajoUpdate
dbo;TH_TiempoExperiencia_Get
dbo;TH_TiemposContrato_Get
dbo;TH_TipoIdentificacion_Get
dbo;TH_TiposContratacion_Get
dbo;TH_TiposEducacion_Get
dbo;TH_TiposSalario_Get
dbo;TH_ValidarSolicitudAusencia
dbo;TH_WORK_VACACIONESCOLECTIVAS2024
dbo;TH_WORK_VACACIONESCOLECTIVAS2025
dbo;TH_WORK_VACACIONESCOLECTIVASAGOSTO2025
dbo;uploadFile
dbo;US_CorreoAnulacionEncuestas
dbo;US_CorreosAnuncioAprobacion
dbo;US_CorreosAnuncioAprobacionConValor
dbo;US_CorreosAnuncioAprobacionSinValor
dbo;US_CorreosGerenteOpXProyecto
dbo;US_CorreosGerenteOpXTrabajo
dbo;US_CorreosPresupuestos
dbo;US_CorreosTrabajos_PreyEsp
dbo;US_GruposPermisos_Add
dbo;US_GruposPermisos_Del
dbo;US_GruposPermisos_Edit
dbo;US_GruposPermisos_Get
dbo;US_GruposPermisos_GetCombo
dbo;US_GrupoUnidad_Add
dbo;US_GrupoUnidad_Del
dbo;US_GrupoUnidad_Edit
dbo;US_GrupoUnidad_Get
dbo;US_GrupoUnidad_GetCombo
dbo;US_Permisos_Add
dbo;US_Permisos_Del
dbo;US_Permisos_Edit
dbo;US_Permisos_Get
dbo;US_Permisos_GetCombo
dbo;US_PermisosUsuarios_Add
dbo;US_PermisosUsuarios_Del
dbo;US_PermisosUsuarios_Edit
dbo;US_PermisosUsuarios_Get
dbo;US_PermisosxIdUsuario_Get
dbo;US_PermisosXUsuario_Get
dbo;US_Roles_Add
dbo;US_Roles_Del
dbo;US_Roles_Edit
dbo;US_Roles_Get
dbo;US_Roles_GetCombo
dbo;US_RolesPermisos_Add
dbo;US_RolesPermisos_Del
dbo;US_RolesPermisos_Edit
dbo;US_RolesPermisos_Get
dbo;US_RolesUsuarios_Add
dbo;US_RolesUsuarios_Del
dbo;US_RolesUsuarios_Edit
dbo;US_RolesUsuarios_Get
dbo;US_RolesXUsuario_Get
dbo;US_TipoGrupoUnidad_Add
dbo;US_TipoGrupoUnidad_Del
dbo;US_TipoGrupoUnidad_Edit
dbo;US_TipoGrupoUnidad_Get
dbo;US_TipoGrupoUnidad_Get_Nombre
dbo;US_TipoGrupoUnidad_GetCombo
dbo;US_TodasUnidades_GetCombo
dbo;US_Unidad_Get_Combo
dbo;US_Unidades_Add
dbo;US_Unidades_Del
dbo;US_Unidades_Edit
dbo;US_Unidades_Get
dbo;US_Unidades_Get_All
dbo;US_Unidades_GetCombo
dbo;US_UnidadesXUsuario_Get
dbo;US_Usuarios_Add
dbo;US_Usuarios_Del
dbo;US_Usuarios_Edit
dbo;US_Usuarios_Edit_Password
dbo;US_Usuarios_Get
dbo;US_Usuarios_Get_Combo
dbo;US_Usuarios_Get_xGrupoUnidadxRol
dbo;US_Usuarios_Get_xRol
dbo;US_Usuarios_Get_xRolxPropuesta
dbo;US_Usuarios_Get_xUnidad
dbo;US_Usuarios_Get_xUnidadxRol
dbo;US_Usuarios_Get_xUnidadxRolNombre
dbo;US_Usuarios_GetLogin
dbo;US_Usuarios_GetMail
dbo;US_UsuariosAnyParameter_Get
dbo;US_UsuariosAsignadosAlPermiso
dbo;US_UsuariosCargueProduccionGet
dbo;US_UsuariosGrupoUnidad_Get
dbo;US_UsuariosModeradoresCualitativos
dbo;US_UsuariosReclutadoresCualitativos
dbo;US_UsuariosTranscriptoresCualitativos
dbo;US_UsuariosUnidades_Add
dbo;US_UsuariosUnidades_Del
dbo;US_UsuariosUnidades_Get
dbo;US_UsuariosXUnidadesXRol_Get
dbo;US_UsuarioTieneRol
dbo;UU_Moderador_Get
dbo;UU_PlanillaInformes_Get_ById
dbo;UU_PlanillaInformes_Save
dbo;UU_PlanillaInformes_UpdateStatus
dbo;UU_PlanillaModeracion_Get_ById
dbo;UU_PlanillaModeracion_Save
dbo;UU_PlanillaModeracion_UpdateStatus
dbo;UU_PlanillasInformesToExport
dbo;UU_PlanillasModeracionToExport
dbo;UU_PlanillasRegistros_Get
dbo;UU_Tecnicas_Get
dbo;VerificarPermisoUsuario
dbo;VerificarRolUsuario
dbo;VerificarUsuario
dbo;WORK_ActualizacionCostosMystery
